제목,날짜,기자명,본문
휠체어 밀며 김건희 퇴원 도운 윤석열hellip;quot;왜 휠체어를 타고 나와? 제대로 수사받길quot;,2025-06-28 15:34:23,미상,"최종편집 2025년 06월 28일 15시 04분 휠체어 밀며 김건희 퇴원 도운 윤석열…""왜 휠체어를 타고 나와? 제대로 수사받길"" 이소영 더불어민주당 의원이 윤석열 전 대통령 부인 김건희 전 코바나 대표가 퇴원한 모습을 두고 ""휠체어를 타고 나와서 의아했다""고 평가했다. 최근 우울증 등 증세로 병원에 입원했던 김건희 전 대표는 입원 11일만에 휠체어를 타고 퇴원했다. 윤 전 대통령은 병원을 찾아 김 전 대표를 마중했고, 직접 휠체어를 밀며 퇴원을 도왔다. 이 의원은 27일 CBS라디오에 출연해 ""보통은 재벌 회장님들이나 높은 정치인 분들 또는 그에 상응하는 권력을 가지고 계신 분들이 수사 대상이 됐을 때 그런 모습을 자주 연출했던 것 같다""며 이 같이 말했다. 이 의원은 ""그럼에도 불구하고 어쨌든 김건희 여사 측에서 수사를 제대로 받겠다 피할 생각이 없다 이런 입장을 냈었기 때문에 그 약속이 지켜지면 좋겠다""며 ""특검 혐의가 16개가 될 정도로 지난 3년 동안 논란과 혐의의 당사자였다""고 주장했다. 이 의원은 ""사실 수사에 응했던 거는 작년에 경호처 비공개 공간에서 검사들 핸드폰까지 다 압수하고 그렇게 황제 조사 받았던 한 번이 전부지 않는가""라며 ""그래서 이거는 다른 공직자나 정치인 공인 또는 일반 국민들하고 비교해 보더라도 상식적이지 않다. 그래서 이번에 약속대로 하신 말씀대로 제대로 수사받기를 바란다""고 촉구했다. 2009년 프레시안에 입사한 이후, 사람에 관심을 두고 여러 기사를 썼다. 2012년에는 제1회 온라인저널리즘 '탐사 기획보도 부문' 최우수상을, 2015년에는 한국기자협회에서 '이달의 기자상'을 받기도 했다. 현재는 기획팀에서 일하고 있다. 프레시안협동조합 | 사업자번호 101-81-69524 | 대표 전홍기혜 제호: 프레시안 | 신문사업·인터넷신문사업 등록번호 서울아00083 | 창간 2001.9.24 | 등록 2005.10.12 | 발행인·편집인 전홍기혜 | 청소년보호책임자 김봉규 (04043) 서울시 마포구 서교동 395-73 BK빌딩 101호(양화로 10길 49 BK빌딩 101호) | 02-722-8494 | FAX 02-6008-8400 Copyrightⓒ Pressian Coop. All rights reserved."
세월호 진상규명과 책임자 처벌을 약속하라,2025-06-28 15:34:24,미상,"최종편집 2025년 06월 28일 15시 04분 세월호 진상규명과 책임자 처벌을 약속하라 우리 속담에 ""부모가 죽으면 산에 묻지만, 자식이 죽으면 가슴에 묻는다""고 한다. 세월호 참사로 생때같은 자식을 잃은 부모의 마음은 단장의 고통이 아닐까. ""내가 죽고 네가 사는 게 올바른 이치인데 네가 죽고 내가 사는 것은 무슨 괴상한 이치란 말인가. 온 세상이 깜깜하고 해조차 색바래 보인다. 슬프다! 내 작은 아들, 나를 버리고 어디로 갔느냐?"" 이는 이순신이 정유재란 때 셋째 아들 '이면'의 전사 소식을 듣고 <난중일기>에 쓴 글이다. 얼마나 아팠을까? 창자가 끊어지는 고통이었을 것이다. 11년 전 세월호 유가족들의 심정이 그랬을 것이다. 2014년 4월 16일, 대한민국은 초상집과 유가족이 되었다. 그날 차가운 진도 앞바다에 가라앉은 건 단지 세월호만이 아니었다. 그 안에는 수많은 꿈과 희망도, 미래도, 그리고 반드시 지켜졌어야 생명도 침몰하고 말았다. 세월호는 왜 침몰했는지? 아이들은 왜 구조하지 않았는지? 왜 죽어야 하는지 이유조차 모른 채 별이 된 아이들! 세월호의 진실을 밝히는 게 그렇게 복잡하고 어려운 일이란 말인가? 세월호 참사가 일어난 지 11년이 지났지만, 아무것도 해결된 게 없다. 세월호 진상규명과 책임자 처벌이 11년 동안 표류하고 있다. 그동안 특별법에 따른 정부 차원의 두 개의 조사위, 곧 선체조사위원회(2017)와 사회적 참사 특별조사위원회(2018)가 활동했다. 세월호 선체가 목포 신앙에 거치된 뒤 특별조사기구인 선조위가 출범하여 침몰원인을 조사했다. 선조위는 2018년 8월 활동을 종료한 뒤 두 개의 결론을 담은 보고서를 내놓았다. 그것이 '내인설'과 '열린설'이다. 내인설은 복원성 불량에 초점을 두었고, 열린설은 외력 가능성에 무게를 두었다. 또 2022년 6월에 활동을 종료한 사참위는 ""외력 가능성을 조사했지만, 외력이 침몰원인인지 확인되지 않았다""는 확실하지 않은 결론을 내렸다. 사실, 두 개의 국가 조사위가 출범하기 전에 세월호 침몰원인에 대한 중앙 해양안전심판원은 특별조사부를 꾸려 조사를 진행했다. 사고 8개월여 만인 2014년 12월 29일, 중앙 해심의 특별조사부는 침몰원인을 '복원성 불량'으로 발표했다. 이것은 앞선 검찰 수사 결과와 같은 내용이었다. 여기서 의문이 든다. 세월호 선체가 인양되지 않은 상태에서 해심은 왜 침몰원인을 '복원성 불량'에 무게를 둔 섣부른 결론을 내렸을까? 또 두 개의 특별조사기구인 선조위와 사참위가 명확한 침몰원인을 규명하지 못했는데 목포 해심은 10년 7개월 만인 2024년 11월 26일에 사실상 선조위의 내인설(복원성 불량)을 채택한 것이다. 그것도 12.3 내란이 일어나기 일주일 전이다. 윤석열 정부는 왜, 무엇 때문에 서둘러 세월호 침몰원인을 '내인설'로 결론을 내렸을까? 이에 더욱 의문이 드는 것은 세월호 침몰원인을 한결같이 '내인설'로 결론지으려고 했다는 것이다. 이에 세월호잊지않기목포지역공동실천회의(이하 세월호잊지않기실천회의)는 25년 2월 총회에서 4.16연대..."
"포항향토청년회, 신축 회관 개관hellip; 지진 피해 8년 만에 새 출발",2025-06-28 15:34:26,미상,"최종편집 2025년 06월 28일 15시 04분 포항향토청년회, 신축 회관 개관… 지진 피해 8년 만에 새 출발 “단합된 힘으로 더 큰 포항향청 만들자” 경북 포항 지역 청년들의 중심 단체인 포항향토청년회(이하 ‘포항향청’)가 지난 2017년 포항 지진으로 회관이 전파된 이후 8년 만에 새 보금자리를 마련하고 새로운 도약을 시작했다. 포항향청은 지난 27일 포항시 북구 장성동 1589-9 일원에서 신축 회관 개관식을 갖고 본격적인 활동 재개를 알렸다. 이날 개관식에는 이강덕 포항시장, 김일만 포항시의회 의장을 비롯해 지역 정치인과 향청 회원들이 대거 참석해 회관 개관을 축하했다. 신축 회관은 연면적 959㎡ 규모로, 1층에는 대회의실과 대식당, 2층에는 대연회장 겸 공연장이 조성돼 있어 청년들의 교류와 지역 사회와의 소통 공간으로 활용된다. 이강덕 포항시장은 축사를 통해 “지진이라는 아픔을 딛고 다시 일어선 포항향토청년회의 새로운 출발을 진심으로 축하드린다”며 “청년들이 주축이 되어 더 큰 포항을 만들어가는 데 힘이 되어주길 바란다”고 전했다. 오무환 포항향청 회장은 “이 회관은 포항을 사랑하는 많은 이들의 열정과 정성이 모여 완성된 공간”이라며 “앞으로 서로의 생각을 존중하고, 단합된 힘으로 더욱 발전하는 포항향청을 만들어 가자”고 강조했다. 포항향청은 지역의 미래를 이끌어갈 청년 리더 양성과 지역 사회 공헌 활동을 이어오고 있는 대표적인 청년단체다. 그러나 지난 2017년 11월 포항 지진으로 기존 북구 환여동 회관이 완파되면서 임시 사무실에서 활동을 이어가야 했다. 협소한 공간과 불편한 환경에도 꿋꿋이 활동을 이어온 포항향청은 이번 신축 회관 개관을 계기로 다시 한 번 조직의 정체성과 활동력을 강화해 나갈 방침이다. 프레시안협동조합 | 사업자번호 101-81-69524 | 대표 전홍기혜 제호: 프레시안 | 신문사업·인터넷신문사업 등록번호 서울아00083 | 창간 2001.9.24 | 등록 2005.10.12 | 발행인·편집인 전홍기혜 | 청소년보호책임자 김봉규 (04043) 서울시 마포구 서교동 395-73 BK빌딩 101호(양화로 10길 49 BK빌딩 101호) | 02-722-8494 | FAX 02-6008-8400 Copyrightⓒ Pressian Coop. All rights reserved."
[인사] 청도군,2025-06-28 15:34:27,미상,최종편집 2025년 06월 28일 15시 04분 ▲문화예술체육과장 윤은경 ▲건강증진과장 정경령 ▲화양읍장 이화일 ▲농촌기술지원과장 양태식 ▲친환경농업과장 변태연 프레시안협동조합 | 사업자번호 101-81-69524 | 대표 전홍기혜 제호: 프레시안 | 신문사업·인터넷신문사업 등록번호 서울아00083 | 창간 2001.9.24 | 등록 2005.10.12 | 발행인·편집인 전홍기혜 | 청소년보호책임자 김봉규 (04043) 서울시 마포구 서교동 395-73 BK빌딩 101호(양화로 10길 49 BK빌딩 101호) | 02-722-8494 | FAX 02-6008-8400 Copyrightⓒ Pressian Coop. All rights reserved.
[인사] 경주시,2025-06-28 15:34:28,미상,최종편집 2025년 06월 28일 15시 04분 ▲경제정책과 김지연 ▲문화예술과 김현수 ▲안강읍 지역개발과 김홍진 ▲외동읍 오귀애 ▲건설과 오선혜 ▲회계과 이장호 ▲아동청소년과 이정림 ▲대외소통협력관 최경돈 ▲총무새마을과 추승아 ▲세정과 최선례 ▲미래전략실 송영경 ▲아동청소년과 김신희 ▲회계과 김광호 ▲건축허가과 이동희 ▲안강읍 지역개발과 조석후 ▲보건행정과 이가영 ▲보건행정과 윤여진 ▲농촌활력과 배정용 ▲건설과 조용민 ▲안강읍 지역개발과 안창규 ▲도로과 이동진 ▲상수도과 이태훈 프레시안협동조합 | 사업자번호 101-81-69524 | 대표 전홍기혜 제호: 프레시안 | 신문사업·인터넷신문사업 등록번호 서울아00083 | 창간 2001.9.24 | 등록 2005.10.12 | 발행인·편집인 전홍기혜 | 청소년보호책임자 김봉규 (04043) 서울시 마포구 서교동 395-73 BK빌딩 101호(양화로 10길 49 BK빌딩 101호) | 02-722-8494 | FAX 02-6008-8400 Copyrightⓒ Pressian Coop. All rights reserved.
"국힘, 또 나토 타령hellip;대통령 광주 방문 비판하며 트럼프 떠난 quot;나토 갔어야quot;",2025-06-28 15:34:29,미상,"최종편집 2025년 06월 28일 15시 04분 국힘, 또 나토 타령…대통령 광주 방문 비판하며 트럼프 떠난 ""나토 갔어야"" 대통령 일정 비난까지…""광주 가시는 건 그렇게 급한 것 아닌거 같고"", ""내년 선거 앞두고 선심 공약하며 선거운동"" 이재명 대통령의 나토(NATO, 북대서양조약기구) 정상회의 불참을 비판하던 국민의힘이 대통령의 광주 방문에 대해 급한 일이 아닌 것 같다며 공세를 이어갔다. 그런데 일본과 호주 총리가 모두 불참했고 IP4 국가 중에 유일한 정상급 참석 인사였던 뉴질랜드 총리는 도널드 트럼프 미국 대통령과 만나지 못했다. 27일 국회 외교통일위원회에서 국민의힘 김건 의원은 ""(트럼프 대통령이) 화란(네덜란드)의 야당 대표도 만났더라. 우리 대통령께서 이번에 나토 정상회담을 가졌으면 한미 정상회담을 가지는 건 그렇게 어렵지 않았을 거라는 생각이 든다""라며 이 대통령의 나토 정상회의 불참을 언급헀다. 이에 대해 박윤주 외교부 1차관은 ""제가 여기서 말씀을 드리기가 어려운 점은 있는데 여건 자체는 그렇게 정식 회담을 갖기에는 수월한 상황은 아니었다""라고 답했다. 김 의원은 ""(트럼프 대통령이) 네덜란드 야당 대표도 만난다는데 대한민국 대통령을 시간이 없어서 못 만난다는 뜻이냐""고 묻자 박 1차관은 ""여러 가지 미측과 소통을 한 상황에 따른 판단""이라고 말했다. 김 의원은 ""미국과 소통해 보는데 확정이 될지 안 될지 좀 모르겠으니까 아예 위험 요소를 피하기 위해서 안 가셨다는 이야기냐""라고 묻자 박 1차관은 ""어떤 그런 단일 요소에 의해서 내려진 결정이라기보다는 국정 전반과 외교를 따져서 한 종합적 판단""이라고 밝혔다. 그러자 김 의원은 ""그 종합적 판단을 국민들이 납득을 못 할 것 같다. 국내 일정 뭐 이렇게 얘기하셨는데 광주 가셨지 않았나? 광주 가시는 건 그렇게 급한 거 아닌 것 같고""라며 대통령의 국내 일정의 중요성 여부에 대해 문제 삼았다. 국민의힘 김기현 의원은 이재명 대통령이 울산과 광주 등 지방을 방문해 '타운홀 미팅' 형식의 만남을 가지는 것을 두고 ""대통령이 각 지역을 순방하면서 내년 지방선거를 앞두고서 지역 지역용 선심 공약을 하며 선거 운동하고 계시는데, 무슨 긴급한 현안이 있었냐""며 나토 정상회의에 참석하지 않을 정도의 긴급한 일은 없다고 주장하기도 했다. 국민의힘 외통위 위원들은 23일 이 대통령의 불참을 문제 삼으며 한국만 빠지는 것이 문제라고 주장했는데, 나토의 인도·태평양 파트너국인 'IP4'(Indo-Pacific 4)의 네 나라 중 한국뿐만 아니라 일본과 호주도 이번 회의에 참석하지 않았다. 뉴질랜드의 크리스토퍼 럭슨 총리만이 네 나라 정상급 인사 중에서는 유일하게 이번 회의에 참석했는데, 트럼프 대통령과 면담은 성사되지 않아 ""한미 정상회담을 할 수 있는 기회"" 였다는 야당의 지적이 설득력이 떨어진다는 관측도 나온다. 더불어민주당 김영배 의원은 ""뉴질랜드 총리가 트럼프 대통령을 만났나?""라고 물었고 박 1차관은 ""만나지 못했다""라고 답했다. 김 의원은 ""IP4 국가들이 초청이 되기는 했지만..."
학생들이 한국어를 배우는 동안 나도 그들에 대해 배웠다,2025-06-28 15:34:31,미상,"최종편집 2025년 06월 28일 15시 04분 학생들이 한국어를 배우는 동안 나도 그들에 대해 배웠다 지난 5월 스승의날을 맞아 직장갑질119와 온라인노조 한국어교원지부가 '교단 너머 이야기'라는 이름으로 한국어교원 수기 공모전을 열었다. 수기에는 외국인이 한국을 접하며 처음 만나는 선생님이자 초단기 계약과 공짜 노동에 시달리는 비정규직 노동자인 한국어교원들이 겪는 고충, 그리고 애환이 담겼다. 세 편의 수상작을 최우수상 한 편과 우수상 두 편 순으로 싣는다. 편집자 ""선생님, 한국어는 진짜로 왜 이렇게 어려운 거예요?"" 그날도 평소처럼 수업을 마친 뒤였다. 아직 환기가 덜 된 교실 안엔 따뜻한 햇살이 창가에 걸려 있었고, 학생 하나가 책상을 정리하다 말고 나에게 툭 하고 말을 던졌다. 그 학생의 손엔 낡은 한국어 수업 노트가 들려 있었고, 그 사이사이엔 손때 묻은 낱말 카드가 삐죽삐죽 튀어나와 있었다. 자세히 보니 몇 장은 테이프로 붙여놓기까지 했더라. 이마에 땀방울까지 맺힌 걸 보니, 한국어라는 낯선 언어와 오늘도 치열하게 싸운 흔적이었다. 나는 피식 웃으며 되물었다. ""그럼 중국어는 배우기 쉬울까?"" 학생은 잠깐 멈칫하더니, 눈을 동그랗게 뜨고 어깨를 으쓱하며 말했다. ""솔직히… 그것도 잘 모르겠어요. 저도 가끔 중국어 단어 중에 처음 보는 게 있어요. 그런데 한국어는… 뭔가 더 무서워요. 조사 하나만 잘못 써도 전혀 다른 뜻이 되잖아요. 단어도 무섭게(?) 생긴 게 많고요!"" 그 말에 교실은 금세 웃음바다가 됐다. 나도 한동안 웃음을 멈추지 못했다. 그러다 문득 마음속에서 무언가가 스르르 내려앉았다. 이 학생에게 한국어는 단순한 언어가 아니었다. 매일 도전해야 하는 거대한 미로 같았고, 익숙해지기 어려운 외국의 세계였다. 그러나 그 한마디는 나를 다시 일으켜 세웠다. ""그래도 너희들은 선생님이 기대한 것보다 훨씬 잘하고 있어. 겁먹지 마. 너희가 한국어를 배우는 동안, 선생님도 그 덕분에 매일 중국에 대해, 배움의 진심에 대해 배우고 있거든."" 학생은 어깨를 으쓱이며 웃었다. ""그럼 우리, 선생님이랑 같이 공부하는 전사들이네요?"" 나는 손을 들어 그와 하이파이브를 했다. 어설픈 동작이었지만 그 속에는 언어를 넘어선 따뜻한 연대감이 있었다. 후난성 창사. 중국 화중 지역에 위치한 이 도시는 나에게 단순한 거주지가 아닌 '두 번째 고향'이다. 2017년 9월, 나는 이곳에서 처음으로 정식 한국어 강사로 강단에 섰다. 그때의 떨림은 지금도 생생하다. 교탁 앞에 선 나는, 눈앞의 학생들이 나를 어떻게 받아들일지 몰라 숨조차 조심스럽게 쉬었다. 그 학기의 수업 중 하나는 'K-드라마로 배우는 한국어'였고, 교재는 '이태원 클라쓰'였다. 박새로이의 고집과 신념, 그의 말투와 감정을 따라가며 학생들은 자연스럽게 한국어의 억양과 문장을 익혔다. ""선생님! '개떡같이 말해도 찰떡같이 알아듣는다'는 표현 진짜 너무 멋져요!"" 학생 하나가 환호하듯 외쳤고, 그 말은 곧 우리 반의 별명이 되었다. 서로를 '찰떡 조'라 부르며 우리는 점점 말보다 마음..."
이춘석 quot;민생 위해 싸우는 게 맞다quot; vs 조배숙 quot;폭주 막기 위해 싸우겠다quot;,2025-06-28 15:34:32,미상,"최종편집 2025년 06월 28일 15시 04분 이춘석 ""민생 위해 싸우는 게 맞다"" vs 조배숙 ""폭주 막기 위해 싸우겠다"" 전북 여야 정치권 법사위원장 선출 대립각 국회 법제사법위원장에 4선의 전북출신 이춘석 더불어민주당 의원이 27일 선출된 것과 관련해 전북 여야 정치권이 극한의 대립각을 형성하고 있다. 이춘석 법사위원장은 이날 페이스북에 '민생을 위해서라면, 싸우는 게 맞다'는 글을 올리고 ""지금 법사위는 여야 정쟁의 최전선에 서 있다. 저는 법사위에서 싸워야 한다고 생각한다""고 주장했다. 이춘석 위원장은 ""정쟁이 아니라, 어렵고 힘든 국민들을 위한 정책적 대안을 놓고 싸우는 경쟁의 장이 됐으면 좋겠다""며 ""법사위 소관 권력기관들이 약하고 어려운 국민들을 대변해 정의를 실현하는 기관이 될 수 있기를 바란다""고 강조했다. 이 위원장은 ""법사위에서도 민생을 보호하는 법을 만들고 정책을 펴는 상임위로 변화할 수 있도록 최선을 다하겠다""고 언급, 시급히 처리해야 할 법안에 대한 의지를 강하게 피력했다. 하지만 야권의 호남 유일 현역인 국민의힘 조배숙 전북자치도당위원장은 상임위원장의 일방적 선출을 민주당의 폭거로 규정하고 강력히 반발하고 있다. 조배숙 위원장은 이재명 정부와 민주당의 폭거를 막기 위해 강하게 싸우겠다며 27일부터 국회 철야 농성에 돌입했다. 조 위원장은 ""그동안 법사위원장은 정부 견제를 위해 야당에서 맡아왔다. 민주당은 이러한 오랜 관례를 무시하고 결국 법사위원장을 가져갔다""며 ""이재명 대통령이 국민 앞에 약속한 협치는 말뿐이었느냐?""고 성토했다. 조배숙 위원장은 ""민주당은 200석에 가까운 거대 의석을 무기로 입법부를 장악하고 있다. 사법부 수장에 대한 특검 수사, 사실상 모든 권력기관을 장악한 민주당 앞에 이제 어떤 견제도 작동하지 않고 있다""며 ""대한민국의 삼권분립은 흔들리고 있으며 민주주의는 위기를 맞고 있다""고 주장했다. 조배숙 위원장은 ""다수 여당의 브레이크 없는 폭주를 막을 사람은 국민""이라며 ""민주당이 다수 의석을 무기로 의회민주주의를 파괴하고 삼권분립을 형해화시키는 위기 앞에 이를 국민에게 알리고 바로잡으려는 우리의 열정은 멈출 수 없다""고 주장했다. 프레시안협동조합 | 사업자번호 101-81-69524 | 대표 전홍기혜 제호: 프레시안 | 신문사업·인터넷신문사업 등록번호 서울아00083 | 창간 2001.9.24 | 등록 2005.10.12 | 발행인·편집인 전홍기혜 | 청소년보호책임자 김봉규 (04043) 서울시 마포구 서교동 395-73 BK빌딩 101호(양화로 10길 49 BK빌딩 101호) | 02-722-8494 | FAX 02-6008-8400 Copyrightⓒ Pressian Coop. All rights reserved."
"강득구 quot;주진우, 만성간염이면 검사 못돼hellip;군은 면제인데, 검사는 임용?quot;",2025-06-28 15:34:33,미상,"최종편집 2025년 06월 28일 15시 04분 강득구 ""주진우, 만성간염이면 검사 못돼…군은 면제인데, 검사는 임용?"" 더불어민주당이 주진우 국민의힘 의원의 '병역 면제 의혹'과 관련해 ""기록으로 소명하라""고 공세를 폈다. 민주당 강득구 의원은 27일 기자회견을 열고 ""주진우 의원 본인의 병역 면제 의혹을 짚어보겠다. 침묵과 동문서답으로 회피하지 말고, 제대로 소명하기 바란다""고 요구했다. 강 의원은 ""(주진우 의원은) '고1 때 (간염이) 발병했고, 조직검사 결과 B형 간염으로 판명되어 군 면제됐고, 32년째 치료 중'이라고 했다. 32년째 치료 중이니 분명히 만성이다. 만성 B형 간염이라는 답변으로 들린다""며 ""그러나, 주진우 의원은 만성 B형 간염일 수 없다. 주진우 의원은 1994년 10월 첫 징병신체검사에서 3급 현역 판정을 받는데, 당시의 병역신체검사규칙 평가기준에 따르면, 만성 간염이라면 무조건 5급 면제 판정을 받아야 한다""고 주장했다. 이어 강 의원은 ""주진우 의원은 불과 5개월 후인 1995년 3월 재검에서는 조직검사 결과 B형 간염으로 판명되어 면제 판정을 받는다. 대체 5개월 동안 무슨 일이 벌어졌길래 간염이 악화된 건가? 간염 바이러스가 문제인가? 신체검사 기록이 잘못된 것인가?""라고 의혹을 제기했다. 강 의원은 ""주진우 의원은 2002년 사법연수원을 수료하고 검사로 임용된다. 당시 공무원채용신체검사규정으로는, 만성활동성간염이라면 임용될 수 없었다. 그러나 주진우 의원은 문제없이 검사로 임용되었다""라고 주장했다. 강 의원은 ""주진우 의원이 술을 즐긴다고 하는데, 32년째 치료 중이라는 주진우 의원의 B형 간염 바이러스는 참 희한하다. 병역은 면제받고, 검사 임용에도 문제없고, 술을 즐겨도 되는, 그야말로 효자 바이러스가 아닐 수 없다""라며 ""기록은 거짓말하지 않습니다. 주진우 의원은 기록으로 소명하시라. 1994년과 1995년 2번의 징병신체검사 기록, 2000년 사법연수원에 입소할 때 제출했던 신체검사 기록, 2002년 검사 임용 과정에서 제출했던 채용신체검사서, 간염 치료 관련 의료기록, 떳떳하다면 자료를 공개하라""고 요구했다. 강 의원은 ""주진우 의원의 병역 면제 과정과 희한한 바이러스의 실체를 반드시 밝히겠다""며 ""대를 이어 기득권을 누리며 세상을 자기 뜻대로 살아왔던 주진우 의원, 정치검사의 못된 버릇 그대로 김민석 후보자와 저를 악마화했던 것에 상응하는 대가를 반드시 치르게 될 것""이라고 말했다. 앞서 주진우 의원은 26일 페이스북을 통해 '주진우의 역제안, 이건 어때?'라는 글을 올리고 ""내가 총리 후보자는 아니지만, 양보한다. (김민석, 주진우) 둘이 동시에 국민 앞에 자료를 공개하는 것은 어떤가""라고 제안했다. 주 의원은 ""난 진짜 떳떳하고, 자신 있다. 내 아들 증여세 납부 내역 공개하면, 김민석 후보자 아들 유학비를 제3자가 아닌 전 배우자가 냈다는 아주 최소한의 자료만 공개해 줄 수 있나""라고 했고, 병역 의혹과 관련해 ""내 병무 자료 및 치료 내역 공개할 테니, 김민석 후보자가 내기로 약속..."
"순천서 부부 사망hellip;남편, 아내에 흉기 휘두르고 투신 추정",2025-06-28 15:34:34,미상,"최종편집 2025년 06월 28일 15시 04분 순천서 부부 사망…남편, 아내에 흉기 휘두르고 투신 추정 전남 순천에서 부부가 사망하는 사건이 발생해 경찰이 수사에 나섰다. 28일 순천경찰서 등에 따르면 전날 오후 11시 10분쯤 전남 순천시의 한 아파트에서 부부가 숨졌다. 가족의 신고를 받고 출동한 경찰과 소방은 아파트 외부에 쓰러져 있는 남편 A씨(40대)와 아파트 안에서 있던 아내 B씨(30대)를 발견하고 병원으로 이송했지만 2명 모두 숨졌다. 경찰은 가족의 119 신고 내역 등을 토대로 A씨가 아내 B씨를 흉기로 찌른 뒤 스스로 숨지려 한 것으로 보고 정확한 사건 경위를 조사 중이다. zzartsosa@hanmail.net 프레시안협동조합 | 사업자번호 101-81-69524 | 대표 전홍기혜 제호: 프레시안 | 신문사업·인터넷신문사업 등록번호 서울아00083 | 창간 2001.9.24 | 등록 2005.10.12 | 발행인·편집인 전홍기혜 | 청소년보호책임자 김봉규 (04043) 서울시 마포구 서교동 395-73 BK빌딩 101호(양화로 10길 49 BK빌딩 101호) | 02-722-8494 | FAX 02-6008-8400 Copyrightⓒ Pressian Coop. All rights reserved."
"광양제철소middot;영산강유역환경청, 지역 中企와 대기질 개선 협력",2025-06-28 15:34:36,미상,"최종편집 2025년 06월 28일 15시 04분 광양제철소·영산강유역환경청, 지역 中企와 대기질 개선 협력 협력업체 오염방지시설 교체 비용 등 지원 광양제철소(소장 고재윤)가 영산강유역환경청, 광양시와 함께 환경부에서 공모하는 '대·중소기업 지역대기질 개선 상생협력 시범사업'에 참여한다. 28일 광양제철소에 따르면 이번 시범사업은 광양만권 대기환경 개선을 위해 정부·지자체·대기업 및 중소기업이 협력해 중소기업 노후 대기오염방지시설 교체 등 비용을 지원하는 사업이다. 광양제철소, 영산강유역환경청, 광양시와 광양제철소 협력업체 4개사(신진기업, 부국산업, 엠알씨, 진평)가 함께한다. 이번 시범사업은 대기업과 중소기업이 협력하여 지역대기질 개선에 기여하는 새로운 환경분야 상생 모델을 구축하는 것을 목표로 한다. 총 8억 4600만원으로 진행되는 이번 사업은 광양제철소 출연기금 4억 2300만원, 환경부 1억 7000만원, 광양시 1억 7000만원, 중소기업 8500만원을 투입한다. 오는 12월까지 진행되는 이번 시범사업으로 중소기업의 대기질 개선을 위한 재정 부담을 줄이면서 환경 문제 해결을 위해 지역 대기업과 중소기업 및 지역사회가 함께 상생 협력하는 선례를 만들 것으로 기대된다. 시범사업에 참여한 중소기업은 오염방지시설 설치 자부담에 대한 저금리 융자 매칭도 지원된다. 앞서, 광양제철소는 영산강유역환경청과 함께 광양만권 대기환경 개선을 위한 시범사업 참여에 지속적으로 협의해왔으며, 광양제철소가 노후 대기방지시설 교체 등 시설개선이 필요한 협력업체를 자체 파악하여 최종적으로 4개사와 협력하기로 했다. 김영우 영산강유역환경청장은 ""그간 산업단지 대기질 개선을 위해 통합허가, 대기총량규제 등으로 많이 개선되었지만 주민 눈높이에는 미흡한 실정이다""며 ""이번 시범사업은 대기업의 환경관리 노하우 및 대기방지시설 교체 지원으로, 기업 간 상생과 자발적 환경개선을 동시에 이끌어내는 모범사례가 될 것""이라고 밝혔다. zzartsosa@hanmail.net 프레시안협동조합 | 사업자번호 101-81-69524 | 대표 전홍기혜 제호: 프레시안 | 신문사업·인터넷신문사업 등록번호 서울아00083 | 창간 2001.9.24 | 등록 2005.10.12 | 발행인·편집인 전홍기혜 | 청소년보호책임자 김봉규 (04043) 서울시 마포구 서교동 395-73 BK빌딩 101호(양화로 10길 49 BK빌딩 101호) | 02-722-8494 | FAX 02-6008-8400 Copyrightⓒ Pressian Coop. All rights reserved."
"구례 산동면 주민들, 정부에 지리산 온천관광단지 활성화 대책 호소",2025-06-28 15:34:37,미상,"최종편집 2025년 06월 28일 15시 04분 구례 산동면 주민들, 정부에 지리산 온천관광단지 활성화 대책 호소 케이블카·골프장 등 새로운 관광 인프라 조성 촉구 전남 구례군 산동면 주민들이 지리산 온천관광단지의 침체와 지역경제 위기 극복을 위한 정부의 실질적인 대책 마련을 호소하고 나섰다. 28일 구례군 산동면 케이블카 설치 추진위원회 등에 따르면 전날 산동면민 300여명이 산동오일시장에 모여 환경부와 관계기관에 지역경제 회생을 촉구하는 결의문을 발표했다. 이들은 ""15년 전 제정된 국립공원 정책이 현재 지역 현실과 관광 수요, 교통약자 접근성 문제를 반영하지 못한다""고 지적하며 ""환경부가 획일적 규제에서 벗어나 지역 특성과 주민 의견을 반영하는 유연한 정책으로 신속히 전환할 것""을 요구했다. 또 ""국립공원 정책과 케이블카 등 주요 사업 결정 과정에 지자체와 주민 대표가 반드시 참여하도록 보장해 현장의 목소리가 충분히 반영되어야 한다""고 주장했다. 그러면서 ""지리산 온천관광단지의 몰락은 산동면민의 생존권과 직결된 문제""라며 ""새로운 관광 인프라 조성과 접근성 개선을 통해 일자리 창출과 지역경제 활성화를 위한 실질적이고 효과적인 정책과 지원""을 요구했다. 한편, 구례군은 산동면 온천관광단지 활성화를 위해 27홀 규모 골프장 조성, 케이블카 설치 추진, 나들이 워터파크 시범 운영 등 다양한 관광 인프라 확충 사업을 진행 중이나, 민간 투자 부진과 환경부의 규제로 사업 추진에 어려움을 겪고 있다. 특히 케이블카 설치 신청은 환경부의 여러 차례 반려로 무산됐으며, 온천관광단지 조성률도 40%에 미치지 못하는 상황이다. zzartsosa@hanmail.net 프레시안협동조합 | 사업자번호 101-81-69524 | 대표 전홍기혜 제호: 프레시안 | 신문사업·인터넷신문사업 등록번호 서울아00083 | 창간 2001.9.24 | 등록 2005.10.12 | 발행인·편집인 전홍기혜 | 청소년보호책임자 김봉규 (04043) 서울시 마포구 서교동 395-73 BK빌딩 101호(양화로 10길 49 BK빌딩 101호) | 02-722-8494 | FAX 02-6008-8400 Copyrightⓒ Pressian Coop. All rights reserved."
"페루, 여수섬박람회 참가hellip;주한 페루대사 참가의향서 서명",2025-06-28 15:34:38,미상,"최종편집 2025년 06월 28일 15시 04분 페루, 여수섬박람회 참가…주한 페루대사 참가의향서 서명 (재)여수세계섬박람회조직위원회는 파울 페르난도 두클로스 파로디 주한 페루대사가 2026여수섬박람회 참가의향서에 서명했다고 28일 밝혔다. 페루는 3000㎞에 달하는 긴 태평양 해안선을 보유한 나라로, '작은 갈라파고스' 라고 불리는 바예스타 섬, 티티카카 호수의 우로스 섬 등 섬 문화와 해양 생태의 보고로 평가받고 있다. 이번 참가 결정을 통해 페루는 자국의 풍부한 섬 자원과 문화를 세계에 소개할 계획이며 국가의 날 행사로 운영되는 '페루의 날'에 페루 전통 음악 공연단과 함께 참여할 예정이다. 파울 페르난도 두클로스 파로디 주한 페루대사는 ""2026여수세계섬박람회는 섬의 지속가능한 발전과 해양 생태계 보존이라는 중요한 의제를 논의하는 글로벌 플랫폼""이라며 ""섬박람회를 통해 페루가 해양 국가로서의 정체성과 섬 자원의 다양성을 국제사회와 공유하게 되어 매우 기쁘게 생각한다""고 밝혔다. 김종기 2026여수세계섬박람회 조직위 사무총장은 ""페루의 참가 결정은 중남미 국가들의 참가 가능성을 넓히는 계기가 될 것""이라며 ""앞으로도 아메리카 대륙뿐만 아니라 오세아니아, 아프리카 등 대륙별로 다양한 국가의 참여를 적극 유도해 나가겠다""고 환영했다. 한편 조직위는 페루를 포함해 필리핀, 팔라우, 일본, 베트남 5개국의 참가를 확정했으며, 중국, 말레이시아, 세네갈, 동티모르, 스리랑카 등 14개국과 참가를 협의 중이다. zzartsosa@hanmail.net 프레시안협동조합 | 사업자번호 101-81-69524 | 대표 전홍기혜 제호: 프레시안 | 신문사업·인터넷신문사업 등록번호 서울아00083 | 창간 2001.9.24 | 등록 2005.10.12 | 발행인·편집인 전홍기혜 | 청소년보호책임자 김봉규 (04043) 서울시 마포구 서교동 395-73 BK빌딩 101호(양화로 10길 49 BK빌딩 101호) | 02-722-8494 | FAX 02-6008-8400 Copyrightⓒ Pressian Coop. All rights reserved."
이성윤 quot;법이 얼마나 엄중한지 뜨거운 맛 보여줘야quot;,2025-06-28 15:34:40,미상,"최종편집 2025년 06월 28일 15시 04분 이성윤 ""법이 얼마나 엄중한지 뜨거운 맛 보여줘야"" ""국민들은 윤 전대통령이 특검에 나오는 상황 똑똑히 지켜 볼 것"" 더불어민주당 이성윤 의원은 28일, 윤 전 대통령 측의 서울 고검 지하주차장 비공개 출입 요구에 대해 ""실로 오만하기 짝이 없는 특혜 요구""라며 ""당장 구속해야 한다""고 촉구했다. 이성윤 의원은 27일 자신의 페이스북에서 이같은 주장하고 ""'윤석열'은 그동안 경찰,특검, 공수처에 8차례나 출석하지 않았다고 하는데 이런 자에게 '출석할 의사'가 있다는 이유로 법원이 체포영장을 기각한 것은 일반 국민에게는 어디 가당키나 한 소리냐?""며 울분을 터트렸다. 또 ""더 가관인 건, 그 후 '윤석열'의 태도""라면서 ""내란특검이 다시 6월 28일 출석을 요구하자, 이번에는 지하주차장 비공개 출입을 요구했고 그렇지 않으면 출석 요구를 받아들일 수 없다'라고했다""며 ""실로 오만하기 짝이 없는 특혜요구""라고 강하게 비판했다. 이 의원은 ""노태우, 이명박, 박근혜 전 대통령들도 모두 지상으로 공개출석했다""고 지적하면서 ""하물며, 윤석열은 공동체를 파괴한 내란죄를 저지른, 그것도 내란우두머리인데 이런 중대하고 위험한 자가 법을 우롱하 듯 국민을 분통 터지게 만들고 있다""고 분을 삭였다. 이어 ""누구나 법 앞에 평등하다""고 강조하면서 ""6월 28일 윤석열이 출석하지 않으면, 특검은 즉각 구속영장을 청구하고 법원은 구속영장을 발부해야 한다""면서 ""일시적 '체포'가 아니라, 영구격리를 위해 당장 '구속'을 해야 할 판""이라고 촉구했다. 이 의원은 특히 ""법 위에서 온갖 특혜(예외)를 주장하는 내란우두머리에게 법이 얼마나 엄중한지 뜨거운 맛을 보여줘야 할 때""라고 강조하면서 ""국민들은 28일 윤석열이 특검에 나오는 상황을 똑똑히 지켜볼 것""이라고 강조했다. 한편 내란 사건을 수사하는 조은석 특별검사팀은 28일 윤석열 전 대통령 소환 조사를 앞두고 '현관 출입' 원칙을 재차 강조하며 지하로 가는 통로는 모두 차단하겠다고 밝힌 바 있다. 박지영 특검보는 또 ""현관으로 출입하지 않고 지하주차장 앞에서 대기하는 것은 출석으로 보지 않을 예정""이라고도 강조했다 프레시안협동조합 | 사업자번호 101-81-69524 | 대표 전홍기혜 제호: 프레시안 | 신문사업·인터넷신문사업 등록번호 서울아00083 | 창간 2001.9.24 | 등록 2005.10.12 | 발행인·편집인 전홍기혜 | 청소년보호책임자 김봉규 (04043) 서울시 마포구 서교동 395-73 BK빌딩 101호(양화로 10길 49 BK빌딩 101호) | 02-722-8494 | FAX 02-6008-8400 Copyrightⓒ Pressian Coop. All rights reserved."
'극우 세력'의 확장을 막는 방법hellip;'자유민주주의'와 '건국절'을 허하라,2025-06-28 15:34:41,미상,"최종편집 2025년 06월 28일 15시 04분 '극우 세력'의 확장을 막는 방법…'자유민주주의'와 '건국절'을 허하라 이번 대선 과정에서 별로 주목받지 않은 부분이 있었다. 이재명 대통령은 지난 5월 14일 부산 유세에서 ""(국민의힘은) 헌정질서와 자유민주적 기본 질서를 모두 파괴한 정당""이라고 말한다. 이재명이 ""자유민주적""을 언급한 부분이 흥미로웠다. 이재명 후보 공동선대위원장이자 국민대통합위원장인 이석연 전 법제처장은 공개석상에서 '""자유민주주의와 시장경제를 토대로 한 자유와 평등이 조화되는 실용주의적 정책으로 나가야만 국민 통합이 다가올 수 있다""고 말했다. 아무도 문제 삼지 않았다. 아니 문제 삼을 이유도 없다. 자유민주주의와 그 발화자는 자연스럽게 어울렸다. 요컨대 이재명은 윤석열과 윤석열 내란을 옹호하는 세력들이 오염시켜온 말 하나를 슬쩍 훔쳐낸 거였다. 여기에서 야금야금 영토를 넓혀가는 극우 세력 확장 문제를 우리가 어떻게 다뤄야 할지 힌트가 살짝 엿보인다. 옥스퍼드 영어사전에서 자유민주정(주의)는 이렇게 규정된다. ""민주적 정부 구조로서 개인의 권리와 자유가 공식적으로 인정되고 보호되며, 정치적 권력 작용이 법의 지배에 의해 제한되는 것"" 자유민주주의가 한국 사회에서 논란이 된 것은 이 말이 사용된 맥락 때문이다. 극우 세력의 '자유민주주의'는 탄생부터 대항 개념이었다. 적을 설정하고 그들을 박멸하기 위한 것으로, '공산주의', '인민민주주의'의 대체 개념으로 수용됐다. 반독재 투쟁을 '빨갱이'로 몰고자 사용된 기만적인 언어기 때문에 그들이 읊어대는 '자유민주주의'에는 전체주의의 그림자가 어른거렸다. 그래서 진보진영에선 '자유민주주의'라는 말이 오염됐다고 봤다. 그럴수록 '자유민주주의'는 극우 세력의 전가의 보도가 됐다. 자유민주주의는 아무도 부정할 수 없는 '절대 선'으로 설정하고 '그 외 모든 세력'은 박멸해야 할 것들로 봤다. 자유민주주의를 민주주의로 고쳐 쓰는 것은 북한의 계략이고, 대한민국 역사를 부정하는 것이라며 '절대 악'의 이미지를 씌웠다. 민주화 세력 탄압에 쓰였던 이 말은 세월이 흘러 극우 세력의 정치 투쟁 소재로 자리잡는다. 그들은 오늘도 열심히 '반 대한민국 세력'이라는 허수아비를 세워놓고 매질을 하고 있다. 이 허수아비 때리기는 곧잘 통했고, 청년 극우 세력의 자양분이 되어 '민주당은 공산당', '문재인은 간첩'과 같은 허무맹랑한 사상 체계 밖의 세상을 통으로 부정한다. '언어의 소유권'에 대해 꽤 관심을 가져왔다. 이를테면 우리는 '자유민주주의'라는 말을 두고 얼마나 싸웠던가. 역사 교과서에 '자유민주주의' 표현을 쓰는 것에 대한 논란은 꽤 오래됐는데, 지난해 윤석열 정부 하에서는 교과서 9종 모두에 '자유민주주의'가 명기됐다. 극우 세력은 이를 '좌파에 한방 먹인 자유민주주의의 위대한 승리'로 여기는 것 같았다. 극우 세력은 '자유민주주의'를 무기로 사상전에 나섰다. 리박스쿨의 강령이라 봐도 손색이 없는 '언론 자유 없이 자유민주주의 없다'는 제목의 2018년도 문건은 이른바 '우파 사상 개발..."
尹 옹호하던 신평 quot;역시 이재명이구나! 찬탄을 금할 수 없다quot;,2025-06-28 15:34:42,미상,"최종편집 2025년 06월 28일 15시 04분 尹 옹호하던 신평 ""역시 이재명이구나! 찬탄을 금할 수 없다"" 한때 윤석열 전 대통령의 '멘토'로 불리며 윤 전 대통령을 적극 옹호해왔던 신평 변호사가 이재명 대통령의 로스쿨 관련 발언에 대해 ""역시 이재명이구나! 하고 찬탄을 금할 수 없었다""고 말했다. 신 변호사는 27일 자신의 페이스북에 글을 올리고 ""지난 몇 년간 나는 이재명 대통령의 반대편에 서있었지만, 이번 로스쿨 관련 발언을 보며 '역시 이재명이구나!'하고 찬탄을 금할 수 없었다""며 ""그리고 나와 함께 전국의 수많은 국민들이 이번 일을 계기로 하여 이제야말로 사회적 공정이 구체적으로 실현되어 나가기를 희구하며, 타는 목마름을 참으며 이 대통령을 간절히 쳐다보고 있다는 사실을 그가 알아주었으면 한다""고 말했다. 이 대통령은 앞서 지난 25일 광주에서 열린 타운홀 미팅 행사에서 '사법시험을 부활시켜 달라'고 요구한 한 시민에게 """"실력이 되면 로스쿨을 안 나와도 변호사 자격을 검증해서 줄 수도 있다는 생각을 한다""며 ""법조인 양성 루트가 좀 문제가 있는 것 같다. 음서제가 되는 것 아니냐, 과거제 아니고. 그런 걱정을 잠깐 했다""고 말하며 관련 사안을 검토하라고 지시한 바 있다. 신 변호사는 '사법시험 부활 검토에 관하여'라는 제목의 글을 통해 이같은 이 대통령의 발언을 소개하며 ""이로써 다시 한번 ‘사법시험 부활’에 관한 사회적 논의의 불이 지펴지게 되었다""고 했다. 신 변호사는 ""이 대통령의 성장배경을 돌이켜보면, 그가 우리 사회의 (좌와 우를 막론한) 기득권자들의 자식에게 극히 유리한 구도로 만들어진 로스쿨 제도에 의문을 품는 것은 당연하다. 이와 관련한 일화 하나를 소개한다""며 2017년 5월 한 청년이 양화대교 위에 올라가 사법시험 부활을 주장했던 일을 언급했다. 신 변호사는 ""이 소식을 접한 나는 급히 당시 이재명 경기지사에게 문자를 남겼다. 어떻든 한 사람의 고귀한 생명은 살려야 한다며, 로스쿨 제도에 비판적이던 이 지사가 나서서 그 청년을 내려오도록 설득하면 가능할 것이라고 하는 내용이었다. 한참 뒤 저녁 무렵이 되어 이 지사의 전화가 왔다. 여러 회의에 연이어 참석하느라 문자를 보지 못했는데, 이제 바로 양화대교 쪽으로 출발하겠다고 했다. 그런데 마침 바로 조금 전 그 청년이 다리에서 내려왔다. 이를 전하며, 그러나 이 지사의 사회적 정의감, 생명존중을 향한 열의에 깊은 사의를 표했다""고 말했다. 신 변호사는 ""지금까지 주로 사회 정의적 차원에서 한국 로스쿨의 합당성 여부에 관한 논의가 명맥을 이어왔다. 그러나 이와 함께, 어쩌면 더욱 중요한 결함을 간과해서는 안 된다. 로스쿨 제도로 인해 법철학, 국제법 같은 기초법 분야가 궤멸의 상태에 처해있고, 일반 다른 법 분야도 얄팍한 수험법학 수준으로 떨어지며 총체적으로 ‘법학 전체의 붕괴 위기’가 조성되었다는 점이다. 이는 국가경쟁력의 심각한 약화로 직결된다""고 주장했다. 신 변호사는 ""우선 급한 대로, 철저하게 로스쿨 교수들의 편익에 맞게 설계된 한국의 로스쿨을 고쳐야..."
"김종인 quot;대다수가 영남 의원인 국힘, 내년 지자체선거도 굉장히 암울할 것quot;",2025-06-28 15:34:43,미상,"최종편집 2025년 06월 28일 15시 04분 김종인 ""대다수가 영남 의원인 국힘, 내년 지자체선거도 굉장히 암울할 것"" 김종인 전 국민의힘 비대위원장이 국민의힘을 두고 ""요즘 하는 거 보면 변화가 힘들 것 같은 생각이 든다""고 경고했다. 김 전 위원장은 27일 YTN라디오에 출연해 ""국민의힘이 지금 상황에서 별로 그렇게 획기적인 변화를 가져오지 못하면 내년 지자체선거가 굉장히 암울할 것""이라며 이 같이 말했다. 그는 ""늘 얘기를 하지만 지금 국민의힘이 살아날 수 있는 방법이라는 것은 지난 4월 4일 이전까지의 상황을 완전히 잊어버리고 새로운 모습으로 국민과의 대화를 적극적으로 해 나가야만 당이 다시 소생할 수 있는 가능성이 생긴다""며 ""그것을 준비를 하지 못할 것 같으면 내가 보기에 내년 지선은 그렇게 전망이 밝지 않을 것""이라고 전망했다. 그는 한동훈 전 대표의 당대표 출마에 대해서도 ""한동훈 대표가 어떤 결심을 하는지 모르겠지만, 지금 국민의힘의 구조상으로 대표가 된들 과연 국민의힘을 내년 지자체선거까지 근본적으로 혁신할 수 있는 어떤 방안이 있느냐 하는 것이 가장 중요한 과제""라며 ""그러한 방안이 구체적으로 준비가 돼 있지 않을 것 같으면 내가 보기에는 성취하기가 힘들 거라고 본다""고 평가했다. 그는 그 이유를 두고 ""친윤이라고 하는 그 자체가 문제가 된 게 아니라 국민의힘의 구성을 보면 주로 거기에 의원들의 대다수가 영남 출신들""이라며 ""영남 출신 의원들이라고 하는 것은 사실 당 자체가 어떻게 되느냐에 대해서는 별로 관심이 없다""고 설명했다. 그러면서 그는 ""자기네들은 하여튼 공천만 받으면 항상 될 수 있는 지역이라고 생각하기 때문에 그래서 사실은 국민의힘의 당의 변화를 가져오기가 굉장히 어려운 것""이라고 주장했다. 그는 개혁신당과 국민의힘 합당을 두고는 ""언젠가는 할 거라고 보지 않는다""며 ""5년 후 대통령 선거를 갖다가 두고서 아마 어떻게 되는지 그때 가서 가봐야 알겠지만, 그전까지는 합당은 쉽지가 않을 것""이라고 전망했다. 2009년 프레시안에 입사한 이후, 사람에 관심을 두고 여러 기사를 썼다. 2012년에는 제1회 온라인저널리즘 '탐사 기획보도 부문' 최우수상을, 2015년에는 한국기자협회에서 '이달의 기자상'을 받기도 했다. 현재는 기획팀에서 일하고 있다. 프레시안협동조합 | 사업자번호 101-81-69524 | 대표 전홍기혜 제호: 프레시안 | 신문사업·인터넷신문사업 등록번호 서울아00083 | 창간 2001.9.24 | 등록 2005.10.12 | 발행인·편집인 전홍기혜 | 청소년보호책임자 김봉규 (04043) 서울시 마포구 서교동 395-73 BK빌딩 101호(양화로 10길 49 BK빌딩 101호) | 02-722-8494 | FAX 02-6008-8400 Copyrightⓒ Pressian Coop. All rights reserved."
"경북체육회 남자컬링팀, 4년 만에 국가대표 복귀hellip;올림픽 예선 출전 쾌거",2025-06-28 15:34:45,미상,"최종편집 2025년 06월 28일 15시 04분 경북체육회 남자컬링팀, 4년 만에 국가대표 복귀…올림픽 예선 출전 쾌거 ‘2025 KB금융 한국컬링선수권대회’서 우승 경상북도 남자컬링팀이 전국 대회에서우승을 차지해 4년 만에 국가대표로 복귀하는 쾌거를 올렸다. 경북도 남자컬링팀은 27일 경기도 의정부컬링장에서 열린 ‘2025 KB금융 한국컬링선수권대회’ 결승전에서 서울시청을 11-5로 꺾고 우승을 차지했다. 이번 대회는 예선부터 치열한 접전이 이어졌으며, 특히 서울시청과의 세 차례에 걸친 맞대결에서 마지막 결승전의 압도적 승리로 예선전 패배의 설욕에도 성공했다. 경북체육회는 예선 라운드로빈에서 7승 1패로 조 1위를 기록했지만, 유일한 패배는 서울시청전이었다. 이어 페이지게임에서도 서울시청에 6-7로 석패해 결승 직행에 실패했지만, 준결승에서 의성군청을 8-6으로 제압하며 결승에 진출했다. 서울시청과의 결승은 세 번째 격돌로 경북팀은 경기 초반부터 주도권을 잡고 흔들림 없는 전략 운영으로 11-5 대승을 거두며 마침내 우승컵을 들어올렸다. 이로써 경북체육회 남자컬링팀은 오는 12월 캐나다에서 열리는 ‘2026 밀라노·코르티나 동계올림픽 예선전(OQE)’에 대한민국 대표로 출전하게 된다. 스킵 김수혁은 “한 시즌 동안 정말 많이 준비했고, 노력의 결과가 나온 것 같아 기쁘다”며 “앞으로 한국 남자컬링을 대표해 반드시 올림픽 본선 티켓을 따내겠다”고 각오를 다졌다. 서드 김창민 선수는 “세계 컬링 수준이 크게 높아졌지만, 더 완벽한 샷과 전략으로 승부하겠다”며 “3년간 힘들었던 시간도 동료들의 헌신으로 버틸 수 있었다”고 감회를 밝혔다. 윤소민 코치는 “이번 우승은 단순한 승리를 넘어 국가대표 복귀와 올림픽 도전의 중요한 발판”이라며 “끝까지 도민과 국민께 자부심을 드릴 수 있도록 최선을 다할 것이고 경상북도와 도의회, 체육회의 변함없는 지원에 감사드린다”고 말했다. 김점두 경상북도체육회장은 “경북체육회 컬링팀의 우승을 진심으로 축하하며, 끝까지 포기하지 않은 선수단의 열정과 팀워크가 오늘의 쾌거를 만들었다”며 “올림픽 예선에서도 훌륭한 성과를 기대한다”고 소망을 전했다. 프레시안협동조합 | 사업자번호 101-81-69524 | 대표 전홍기혜 제호: 프레시안 | 신문사업·인터넷신문사업 등록번호 서울아00083 | 창간 2001.9.24 | 등록 2005.10.12 | 발행인·편집인 전홍기혜 | 청소년보호책임자 김봉규 (04043) 서울시 마포구 서교동 395-73 BK빌딩 101호(양화로 10길 49 BK빌딩 101호) | 02-722-8494 | FAX 02-6008-8400 Copyrightⓒ Pressian Coop. All rights reserved."
이춘석 국회 법사위원장에 한병도 예결위원장hellip;quot;진짜 익산시대 열린다quot;,2025-06-28 15:34:46,미상,"최종편집 2025년 06월 28일 15시 04분 이춘석 국회 법사위원장에 한병도 예결위원장…""진짜 익산시대 열린다"" 전북 정치권 르네상스, 환노위 안호영 의원까지 '3위원장 시대' 국회가 27일 본회의를 열고 민주당 익산갑을 지역구로 둔 이춘석 의원을 법제사법위원장에, 익산을의 한병도 의원은 예산결산특별위원장에 각각 선출했다. 전북 지역구 의원이 법사위원장을 맡은 것은 이춘석 의원이 처음이어서 향후 전북 관련 법안 처리에 큰 도움이 될 것으로 보인다. 또 국회에서 핵심위원회로 손꼽히는 예결위원회 위원장에 한병도 의원이 선출된 것은 지난 2006년 남원·순창 이강래 의원 이후 19년 만에 처음 있는 일이다. 이춘석 법사위원장과 한병도 예결위원장은 지역 발전을 위해 최선을 다하겠다고 다짐했다. 이들 2명의 위원장은 각각 익산갑과 익산을이 지역구이어서 '진짜 익산시대'를 기대하는 목소리가 나온다. 정헌율 익산시장은 이날 페이스북에 '이제 진짜 익산시대가 열린다'는 글을 올리고 ""익산의 자랑스러운 두 분 국회의원이 국회 상임위원장에 선출된 기쁜 소식을 전한다""며 ""누구보다 성실하고 치열하게 정치의 길을 걸어오신 두 분이기에 국민은 물론 익산의 든든한 버팀목이 되어 주시리라 믿는다""고 말했다. 정헌율 익산시장은 ""국가 법률과 예산을 다루는 중심에서 앞으로도 익산과 전북의 목소리를 더욱 분명하고 힘있게 전달해 주시길 부탁드린다""며 2인 위원장 선출을 거듭 축하했다. 한편 국회 환노위의 안호영 위원장까지 포함하면 전북출신이 총 3명의 상임위원장을 동시에 보유하게 되는 등 전북 정치권의 르네상스 시대가 열렸다. 프레시안협동조합 | 사업자번호 101-81-69524 | 대표 전홍기혜 제호: 프레시안 | 신문사업·인터넷신문사업 등록번호 서울아00083 | 창간 2001.9.24 | 등록 2005.10.12 | 발행인·편집인 전홍기혜 | 청소년보호책임자 김봉규 (04043) 서울시 마포구 서교동 395-73 BK빌딩 101호(양화로 10길 49 BK빌딩 101호) | 02-722-8494 | FAX 02-6008-8400 Copyrightⓒ Pressian Coop. All rights reserved."
"확성기 방송 중단에 호응한 북한, 댐 방류 알려달라는 이재명 정부 요청에도 호응할까?",2025-06-28 15:34:48,미상,"최종편집 2025년 06월 28일 15시 04분 확성기 방송 중단에 호응한 북한, 댐 방류 알려달라는 이재명 정부 요청에도 호응할까? 통일부 ""접경지역 홍수 피해 예방위해 댐 방류시 미리 통보해 달라…국민 생명 안전 지키는 것이 가장 중요"" 정부가 북한에 임진강 수해 방지를 위해 댐 방류시 미리 통보해달라고 요청했다. 남한의 대북 확성기 가동 중단에 대남 확성기 가동 중단으로 호응했던 북한이 이번에는 어떤 대응을 할지 주목된다. 27일 장윤정 부대변인은 정부서울청사에서 가진 정례브리핑에서 ""자연재해에 대한 공동 대응은 인도주의적 사안이며 남과 북은 임진강 수해 방지를 위한 협력에 수차례 합의한 바 있다""며 ""이에 장마철 남북 접경지역의 홍수 피해를 예방하기 위해 북한이 인도주의적 차원에서 댐 방류 시 우리 측에 미리 통보해 줄 것을 요청한다""고 밝혔다. 장 부대변인은 ""이재명 정부는 국민의 생명과 안전을 지키는 것이 국가의 가장 중요한 의무라고 인식하고 있다""며 ""북한의 댐 방류 사전 통보는 접경지역에 계신 우리 국민의 생명 안전과 직접적으로 관련된 문제""라고 말했다. 그는 ""정부는 관계기관 간 협조하며 접경지역 주민들의 안전을 위해 만반의 대비를 해 나가겠다""고 덧붙였다. 앞서 이재명 정부는 지난 9일 남한 민간단체의 대북 전단 살포에 대해 중지를 강력히 요청했고 11일 14시를 기해 대북 확성기 방송을 중지시켰다. 이에 북한은 12일부터 대남 확성기 방송을 가동하지 않은 것으로 합동참모본부가 확인하기도 했다. 확성기 방송에 호응한 북한이 남한의 이번 통보 요청에 응할지는 미지수다. 남북 사이에는 군 통신선과 남북연락사무소 연락 채널 등 현재 직접 소통을 할 수 있는 연락선이 가동되지 않은 상황이라 북한이 이를 통보한다면 지난 2023년 4월 7일 북한이 통신을 거부한 이후 약 2년 만에 다시 통선이 가동하게 되는 셈이다. 지난 2009년 북한은 황강댐을 사전 통보 없이 방류해 남한에서 6명의 인명피해가 발생했다. 이에 남북 양측은 남한 정부의 제의로 그해 10월 14일 개성 남북경협협의사무소에서 '임진강 수해방지관련 남북 실무회담'을 개최했다. 통일부에 따르면 북한 측은 당시 사고에 대해 ""남측에서 뜻하지 않은 인명피해가 발생한 데 대해 유감스럽게 생각한다""며 유가족에게 조의를 표명했다. 이어 방류 원인에 대해 ""해당기관에서 더 큰 피해를 방지하기 위해 불가피하게 긴급히 방류할 수밖에 없었다""며 향후 방류 시 남한 측에 통보하겠다고 밝혔다. 하지만 북한의 이같은 약속은 이후 전개되는 남북 간 정치‧군사적인 상황 변동을 이유로 지켜지지 않았다. 지난 2016년 개성공단이 가동 중단된 이후 그해 7월 북한은 남한에 사전 통보 없이 황강댐 수문을 열었다. 또 2020년 북한이 대북 전단 살포를 명분으로 남북연락사무소를 폭파했을 때도 북한은 남한에 댐 방류를 사전에 통보하지 않았다. 이와 관련 이인영 당시 통일부 장관은 제316차 남북교류협력추진협의회를 주재한 자리에서 ""최근 북측의 일방적인 (황강댐) 방류 조치에 유감을 표한다""며 ""북측도..."
"김용태 quot;李대통령, '젊은 비대위원장 털면 안 나올 거 같냐' 말해quot;",2025-06-28 15:34:49,미상,"최종편집 2025년 06월 28일 15시 04분 김용태 ""李대통령, '젊은 비대위원장 털면 안 나올 거 같냐' 말해"" '김민석 부적절' 수차례 요청…""대통령 진정성 아쉬워"" 이재명 대통령과 여야 지도부가 오찬을 겸해 회동한 자리에서 김민석 국무총리 후보자의 문제점을 지적하자 이 대통령이 ""젊은 비대위원장 털면 안 나올 거 같냐""고 말했다고 국민의힘 김용태 비상대책위원장이 27일 밝혔다. 김 위원장은 이날 오전 국회에서 기자들과 만나 ""오찬 과정에서 김 후보자와 관련한 여러 가지 도덕적 의혹, 자질에 대한 문제점을 말했다""며 이에 대한 이 대통령의 반응을 공개했다. 앞서 김 위원장은 지난 22일 이 대통령의 여야 지도부 초청으로 한남동 대통령 관저에서 오찬을 겸해 회동한 바 있다. 김 위원장은 또 전날 시정연설을 위해 국회를 찾은 이 대통령과의 사전 환담을 상기하며 ""이 대통령과의 환담에서 김 후보자에 대한 검토 요청을 다시 말했는데, 야당과의 대화에 있어서 이 대통령의 진정성에 대해 아쉬운 측면이 있다""고 했다. 김 위원장은 ""(김 후보자 인선 재검토 요구에) 배석했던 (대통령실) 관계자가 '국정 지지율 50% 넘는 것을 야당도 같이 고려해달라'고 말했는데, 과연 적절한가 생각이 든다""며 ""그 자리에서 대통령이든, 배석자든 농담 삼아 그런 말을 했겠지만 개인적으로 적절하지 않다고 생각한다""고 했다. 김 위원장은 ""다시 한 번 대통령에게 김 후보자에 대한 철회를 요청한다""며 ""간곡히 부탁한다""고 했다. 한편 오는 30일 비대위원장직 임기가 종료되는 김 위원장은 ""지난 수요일까지 지방을 돌면서 많은 시민과 단체장들의 말을 들었다""며 ""국회 밖에서 국민의힘을 보는 것과 여의도에서 국민의힘을 대하는 것이 많이 괴리돼 있는 거 아닌가에 대한 안타까움이 있다""고 밝혔다. 송언석 원내대표를 비롯해 다수의 당내 의원이 자신이 제안한 '5대 개혁안'을 주요 논의 대상으로 삼지 않는 분위기에 김 위원장은 ""여러 의원들 간 이견이 현실적으로 있는 것도 사실""이라고 했다. 김 위원장은 ""제 임기는 6월 30일까지지만, 남은 기간 당에 추가적 개혁 방안과 보수 재건의 길이라는 말을 정리해 조만간 드리겠다""며 ""퇴임하면서 '보수 재건의 길'이라는 걸 준비하고 있다. 더 큰 방향에서 당이 보수의 정체성을 다시 재정립하고, 어떻게 나아가야하는지 당론을 정리해서 말하겠다""고 예고했다. 프레시안협동조합 | 사업자번호 101-81-69524 | 대표 전홍기혜 제호: 프레시안 | 신문사업·인터넷신문사업 등록번호 서울아00083 | 창간 2001.9.24 | 등록 2005.10.12 | 발행인·편집인 전홍기혜 | 청소년보호책임자 김봉규 (04043) 서울시 마포구 서교동 395-73 BK빌딩 101호(양화로 10길 49 BK빌딩 101호) | 02-722-8494 | FAX 02-6008-8400 Copyrightⓒ Pressian Coop. All rights reserved."
"미, 관세 유예 연장 가능성hellip;관세 폭탄에도 무역 협정 체결 1건에 불과한 상황 반영된듯",2025-06-28 15:34:50,미상,"최종편집 2025년 06월 28일 15시 04분 미, 관세 유예 연장 가능성…관세 폭탄에도 무역 협정 체결 1건에 불과한 상황 반영된듯 백악관 관세 유예 시한 ""아마도 연장될 수 있다""…트럼프 ""중국과 무역 협정 서명"" 주장 도널드 트럼프 미국 대통령이 상호 관세 유예 기한으로 7월 8일을 제시했지만, 백악관이 이를 연장할 가능성이 있다고 밝혔다. 영국 외에 무역 협정이 이뤄지지 않은 상황을 반영한 것으로 풀이된다. 26일(이하 현지시간) 캐롤라인 레빗 백악관 대변인은 브리핑에서 상호 관세 유예 기한 날짜인 7월 8일에 대해 ""시한은 중요하지 않다""며 ""(트럼프) 대통령은 해당 국가들이 시한까지 합의에 응하지 않을 경우, 일방적으로 협상을 제안할 수 있으며, 이는 대통령이 미국과 미국 노동자들에게 유리하다고 생각하는 관세율을 직접 정할 수 있다는 것을 의미한다""고 말했다. 레빗 대변인은 상호 관세 유예 기간이 연장될 수 있느냐는 질문에 ""아마도 연장될 수 있다""라고 답해 기한이 변경될 수 있다는 점을 시사했다. 앞서 트럼프 대통령은 지난 4월 2일 미국의 모든 무역 상대국에 대해 광범위한 새로운 관세를 발표했다. 하지만 일주일이 지난 4월 9일 상호관세 발효를 90일간 전격 유예하면서 중국을 겨냥해 125%의 관세를 매겼고 나머지 국가들엔 10% 보편관세만 부과하기로 했다. 이후 트럼프 정부는 중국과 영국, 인도, 일본 등과 협상을 가졌으나 이 중 영국을 제외한 어떤 국가와도 아직 무역 협정을 체결하지 못했다. 중국과는 중국의 희토류 수출 제한을 완화하고 미국에 유학하는 중국 유학생을 수용하는 등의 임시 협정을 체결한 상태다. 이에 추가적 협정을 체결하지 위해 관세 유예 연장이 필요한 것 아니냐는 분석이 나오고 있다. 스콧 베센트 재무장관은 이달 초 하원에서 관세 유예 시한이 연기될 가능성이 ""매우 크다""고 밝힌 바 있는데, 당시 미국과 협상을 하고 있는 국가 중 아직 최종 합의에 도달하지 못한 국가들에 해당하는 것이라고 설명한 바 있다. 무역 협정 체결 상황과 관련해 트럼프 대통령은 26일 백악관에서 전날인 25일에 중국과 협정에 서명했다고 밝혔다고 <로이터> 통신이 보도했다. 통신에 따르면 트럼프 대통령은 인도를 개방하는 내용의 협정도 체결될 것이라고 말했다. 또 다른 미 행정부 관계자는 통신에 양국 협정이 이번 주 초에 체결되었다고 밝혔다. 다만 워싱턴 주재 중국 대사관은 통신의 확인 요청에 즉시 답하지 않았다. 통신은 백악관 관계자가 이날 ""미 행정부와 중국은 제네바 합의를 이행하기 위한 추가적인 합의의 틀에 대해 의견을 모았다""며 ""이번 합의는 희토류의 미국 수출을 다시 신속하게 추진하는 방안에 관한 것""이라고 말했다고 전했다. 미중 양국은 지난달 제네바에서 고위급 무역 협상을 진행한 바 있다. 이후 이달 9~10일 런던에서 2차 협상을 진행하고 임시협정으로 대략적인 합의의 틀을 마련했으나 구체적인 내용은 공개되지 않고 있다. 한편 한미 간 관세 협상과 관련해 나토(NATO, 북대서양조약기구) 정상회의에 참석했던 위성락 국가안보..."
경남도청 5급 정기 인사,2025-06-28 15:34:51,미상,최종편집 2025년 06월 28일 15시 04분 2025년 7월 1일짜 정선기 공보관 등 196명 인사 단행 경남도는 2025년 7월 1일짜로 5급 196명에 대해 인사를 단행한다고 27일 밝혔다. □ 5급(196명) ▲정선기 공보관 ▲김신 공보관 ▲한지혁 기획조정실 예산담당관 ▲강병윤 기획조정실 예산담당관 ▲이선규 기획조정실 법무담당관 ▲김은정 기획조정실 법무담당관 ▲최필옥 기획조정실 정보통신담당관 ▲윤종호 기획조정실 인구정책담당관 ▲이동국 기획조정실 인구정책담당관 ▲이정하 기획조정실 인구정책담당관 ▲장진영 기획조정실 인구정책담당관. ▲장덕수 도민안전본부 안전정책과 ▲박종필 도민안전본부 사회재난과 ▲윤효원 도민안전본부 사회재난과 ▲박진홍 도민안전본부 자연재난과 ▲이주현 산업국 산업정책과 ▲박지영 산업국 산업정책과 ▲문혜영 산업국 산업정책과 ▲박미정 산업국 산업정책과 ▲최주석 산업국 산업정책과 ▲안재명 산업국 주력산업과 ▲강재민 산업국 우주항공산업과. ▲박영해 산업국 우주항공산업과 ▲김태헌 산업국 인공지능산업과 ▲이동현 산업국 인공지능산업과 ▲손창환 산업국 인공지능산업과 ▲하승훈 산업국 인공지능산업과 ▲민은미 산업국 인공지능산업과 ▲김경혜 산업국 인공지능산업과 ▲김희영 산업국 에너지산업과 ▲지재근 산업국 창업지원과 ▲박대훈 산업국 창업지원과 ▲하경배 경제통상국 경제기업과. ▲허은이 경제통상국 산업인력과 ▲김동우 경제통상국 산업인력과 ▲석상옥 경제통상국 투자유치과 ▲백광륜 행정국 행정과 ▲이윤점 행정국 행정과 ▲윤희정 행정국 행정과 ▲이영록 행정국 세정과 ▲이미영 행정국 회계과 ▲김경식 행정국 회계과 ▲송현우 행정국 재산관리과 ▲이향주 행정국 재산관리과 ▲손정희 행정국 도민봉사과 ▲안영진 교육청년국 대학협력과 ▲이해진 교육청년국 교육인재과. ▲박세진 교육청년국 교육인재과 ▲지용준 교육청년국 청년정책과 ▲지정완 해양수산국 해양항만과 ▲신평호 해양수산국 수산정책과 ▲박현철 해양수산국 수산정책과 ▲조효종 해양수산국 수산자원과 ▲손의정 해양수산국 수산자원과 ▲최문수 해양수산국 어촌발전과 ▲신우성 도시주택국 도시정책과 ▲이병곤 도시주택국 건축과 ▲차종열 도시주택국 주택과 ▲강상윤 도시주택국 산업단지정책과. ▲김찬호 교통건설국 물류공항철도과 ▲정기원 교통건설국 물류공항철도과 ▲오영석 교통건설국 물류공항철도과 ▲손성훈 교통건설국 물류공항철도과 ▲이영아 교통건설국 신항만건설지원과 ▲윤만수 교통건설국 신항만건설지원과 ▲서정헌 교통건설국 신항만건설지원과 ▲정연광 교통건설국 도로과 ▲강병천 교통건설국 도로과 ▲남기화 교통건설국 도로과 ▲심지영 교통건설국 교통정책과. ▲이윤호 교통건설국 교통정책과 ▲전제민 교통건설국 교통정책과 ▲강영란 교통건설국 건설지원과 ▲박지영 문화체육국 문화예술과 ▲이소영 문화체육국 문화유산과 ▲공유아 문화체육국 문화유산과 ▲이숙현 문화체육국 체육지원과 ▲김규수 문화체육국 체육지원과 ▲이정만 문화체육국 체육지원과 ▲김동훈 문화체육국 체육지원과 ▲김은희 복지여성국 복지정책과 ▲조윤호 복지여성국 노인정책과 ▲이정민 복지여성국 장애인복지과. ...
[인사] 포항시 (3middot;4급. 7.1.字),2025-06-28 15:34:53,미상,최종편집 2025년 06월 28일 15시 04분 ▲일자리경제국장 김정표 ▲관광컨벤션도시추진본부장 이상현 ▲평생학습원장 조현미 ▲남구청장 박상진 프레시안협동조합 | 사업자번호 101-81-69524 | 대표 전홍기혜 제호: 프레시안 | 신문사업·인터넷신문사업 등록번호 서울아00083 | 창간 2001.9.24 | 등록 2005.10.12 | 발행인·편집인 전홍기혜 | 청소년보호책임자 김봉규 (04043) 서울시 마포구 서교동 395-73 BK빌딩 101호(양화로 10길 49 BK빌딩 101호) | 02-722-8494 | FAX 02-6008-8400 Copyrightⓒ Pressian Coop. All rights reserved.
"안동시 하반기 인사이동 조서... 맑은물사업국장 이준홍,nbsp;공원녹지과장nbsp;직무대리 공병화nbsp;등",2025-06-28 15:34:54,미상,"최종편집 2025년 06월 28일 15시 04분 안동시 하반기 인사이동 조서... 맑은물사업국장 이준홍, 공원녹지과장 직무대리 공병화 등 안동시인사발령조서(2025. 7. 1.字) 안동시가 하반기 4급이하 정기 인사이동 조서를 27일 발표했다. 신임 관광문화국장에는 이영식 자치행정과장이, 평생복지국장에는 김진희 사회복지과장이, 맑은물사업국장에는 이준홍 건설과장이, 농업기술센터소장에는 전종호 농업정책과장이 각각 승진 발령됐다. 수자원환경국장에는 권용해 행정안전국장, 안전행정국장은 유수덕 평생복지국장이 자리를 옮겼다. ▲보건소장 직무대리 김경숙▲문화예술과장 직무대리 권은영▲자원순환과장 직무대리 김병태▲공원녹지과장 직무대리 공병화▲회계과장 직무대리 정미옥▲맑은물정책과장 직무대리 황점이▲서후면장 직무대리 김효진▲안기동장 직무대리 권미경▲남후면장 직무대리 김인원▲길안면장 직무대리 김경동▲시립도서관장 직무대리 김혜경▲맑은물관리과장 직무대리 김기수▲건강증진과장 직무대리 임금난▲건축과장 직무대리 장동준▲안전재난과장 직무대리 권용근▲하수도과장 직무대리 권중기 ▲청렴감사실장 조경식▲인구정책과장 이금혜▲교육도시과장 최미옥▲사회복지과장 권숙자▲자치행정과장 유정재▲스마트정보과장 손영호▲토지정보과장 권기원▲평생학습관장 김정옥▲안동문화예술의전당관장 임순옥▲하회마을관리사무소장 이상동▲농수산물도매시장관리사무소장 박금출▲일직면장 이학원▲임하면장 송정훈▲임동면장 김현식▲농업정책과장 권용직▲와룡면장 권순익▲건설과장 권기철▲녹전면장 임정훈 ▲지방시대정책실 하남호▲청렴감사실 이주연▲관광정책과 최준혁▲농업정책과 김종철▲사회복지과 정금화▲보건위생과 이민주▲감염병관리과 최정순▲기획예산실 권봉수 ▲청렴감사실 장윤호▲관광정책과 김종연▲문화예술과 사공주아▲투자유치과 김시천▲맑은물정책과 정민교▲상수도과 이환규▲사회복지과 유종수▲노인장애인과 김혜영▲문화유산과 김영모▲보건위생과 조영철▲건강증진과 권은솔▲보건위생과 이혜영▲감염병관리과 김예은▲종합허가과 권기성▲종합허가과 임민지▲맑은물정책과 김주연▲보건위생과 김성호 ▲공보실 정유리▲관광정책과 윤지현▲문화예술과 오창근▲세정과 김수현▲세정과 현지수▲보육아동가족과 권예은▲산림과 최명열▲도시디자인과 최영우▲건축과권준현▲건축과 김동윤▲자치행정과 이소정▲자치행정과 이영직▲회계과 홍두표▲민원새마을과 주수빈▲민원새마을과 장가희▲맑은물정책과 임지혜▲맑은물관리과 우수정▲농업정책과 이지은▲시립박물관 권혁준▲옥동 김상현▲사회복지과 전자영▲노인장애인과 권용욱▲지역경제과 한선미▲자원순환과 원휘연▲영농지원과 안윤성▲산림과 신유영▲안동임하호수운관리사무소 이순섭▲보건위생과 한예령▲감염병관리과 배하늘▲감염병관리과 심성호▲환경관리과 이은주▲투자유치과 이종성▲건설과 남광진▲건축과 지호준▲토지정보과 김상욱▲안전재난과 정본혁▲안전재난과 김혜원▲미래농업과 김선민▲건설과 김미연▲회계과 정현락 프레시안협동조합 | 사업자번호 101-81-69524 | 대표 전홍기혜 제호: 프레시안 | 신문사업·인터넷신문사업 등록번호 서울아00083 | 창간 2001.9.24 | 등록 2005.10.12 | ..."
