제목,날짜,기자명,본문,원문링크
"&quot;폐광지역을 세계유산으로&quot;… 강원도, 독일 보훔·에센서 지속가능한 미...",2025-06-28 15:42:00,정보없음,"“폐광지역을 세계유산으로”… 강원도, 독일 보훔·에센서 지속가능한 미래 찾아 [속보] 내란특검 “尹, 조사실 입실하지 않고 있어…사실상 출석 거부” “언니와 경쟁 하고파” 고지우·지원 자매, 맥콜·모나 용평 오픈서 선전 [현장컷] 춘천 근화동 무료급식위원회 첫 급식봉사 활동 이양수 “권오을, 선거법 위반 확정에도 선거보전비 2억7400만원 미반환” 김남중 통일부 차관 “전시 납북자 생사확인 시급한 과제…국가의 기본 책무” “이번엔 꼭! 용문~홍천 철도 유치 성공을”… 홍천군민 철도 유치 염원 안고 달렸다 워런 버핏, 8조원 규모 주식 기부 ‘최대 규모’…누적 기부액 82조원 넘어 [속보] 내란특검 “윤석열 오전 조사 종료…오후 체포 방해 혐의 사건 조사 마무리” 홍천 남영문구사에 담긴 기억과 감각 ‘영영 남을 이야기’",https://www.kado.net/news/articleView.html?idxno=1319211
김영옥 서울시의원 &quot;초고령사회 대비&quot;… 노인일자리 조례 2건 본회의 통...,2025-06-28 15:42:00,신성대,"황철규 서울시의원 “학생 마약검사 도입” 촉구… 학교보건법 개정 건의안 본회의 통과 황철규 서울시의원 “학생 마약검사 도입” 촉구… 학교보건법 개정 건의안 본회의 통과 신성대 기자 남창진 서울시의원 “시장 화재, 로봇이 지킨다”… 전통시장 화재순찰로봇 법적근거 마련 남창진 서울시의원 “시장 화재, 로봇이 지킨다”… 전통시장 화재순찰로봇 법적근거 마련 신성대 기자 성흠제 서울시의원 “시민 발 묶이지 않도록”…비상상황 대비 ‘끊기지 않는 대중교통’ 조례 개정 성흠제 서울시의원 “시민 발 묶이지 않도록”…비상상황 대비 ‘끊기지 않는 대중교통’ 조례 개정 신성대 기자 김영철 서울시의원 “재정비촉진지구 정비, 이제는 속도전”…조례 개정·특별법 개정 촉구 김영철 서울시의원 “재정비촉진지구 정비, 이제는 속도전”…조례 개정·특별법 개정 촉구 신성대 기자 채수지 서울시의원, “학교시설, 일방적 사용중단 안된다”… 조례 본회의 통과 채수지 서울시의원, “학교시설, 일방적 사용중단 안된다”… 조례 본회의 통과 신성대 기자",http://www.fntoday.co.kr/news/articleView.html?idxno=355677
"도로공사, 페루에 K-고속도로 운영 노하우 전수",2025-06-28 15:41:00,정보없음,"한국도로공사(대표 함진규)는 지난 22일부터 7월 5일까지 페루 교통통신부와 국가도로청 공무원 12명을 초청해 ‘도로 운영 및 유지관리 역량강화’ 연수를 실시 중이라고 밝혔다. 이번 연수는 한국 고속도로 발전 경험과 운영유지관리 노하우를 공유하기 위한 한국국제협력단(KOICA)의 글로벌 연수사업으로, 2024년부터 2026년까지 3년간 매년 15명 내외의 페루 공무원을 초청해 진행하고 있다. 연수 과정은 ▲한국 도로교통 정책 ▲교량·터널·도로포장 시공 및 유지관리 ▲교통관리 및 안전, 통행료 징수 등 도로운영으로 구성됐다. 관련 강의와 함께 한강터널 등 주요 시설에 대한 현장 견학이 진행된다. 페루 연수생들이 26일 한강터널 건설 현장 내부를 견학하고 있다. 도로공사는 이번 연수로 도로교통 관련 교류·협력 확대 기반을 조성하고, 페루 등 글로벌 도로교통 시장에서의 사업 기회 확대를 기대하고 있다. 관련기사 한-페루·콜롬비아, ODA 파트너십 확대…도로·공간정보 분야 중남미 진출2025. 09 도로공사, 광주대구고속道 '대가야 하이패스IC' 설치2025. 01 도로공사, ‘국민소통단’ 모집…아이디어 제안·소통안건 참여 등 활동2025. 18 ‘안전한 고속도로 함께 만들어요’2025. 19 함진규 도로공사 사장은 “한국의 고속도로 운영 경험과 기술력이 페루의 도로 인프라 향상에 실질적인 도움이 되길 바란다”며 “이번 연수가 페루를 비롯한 중남미 국가들과의 협력을 확대할 수 있는 마중물이 되길 기대한다”고 말했다. 도로공사는 지난해 7월부터 올해 6월까지 페루 주요 간선도로에 교통관리와 사고대응 고도화를 위한 도로관리기술을 도입하는 ‘스마트 도로관리 마스터플랜 수립’ 사업을 수행하는 한편, ‘페루 리마-찬카이 스마트 ITS 구축 타당성조사’ 등의 사업을 추진하고 있다",https://zdnet.co.kr/view/?no=20250628154008
황철규 서울시의원 &quot;학생 마약검사 도입&quot; 촉구… 학교보건법 개정 건의...,2025-06-28 15:38:00,신성대,"황철규 서울시의원 “학생 마약검사 도입” 촉구… 학교보건법 개정 건의안 본회의 통과 황철규 서울시의원 “학생 마약검사 도입” 촉구… 학교보건법 개정 건의안 본회의 통과 신성대 기자 남창진 서울시의원 “시장 화재, 로봇이 지킨다”… 전통시장 화재순찰로봇 법적근거 마련 남창진 서울시의원 “시장 화재, 로봇이 지킨다”… 전통시장 화재순찰로봇 법적근거 마련 신성대 기자 성흠제 서울시의원 “시민 발 묶이지 않도록”…비상상황 대비 ‘끊기지 않는 대중교통’ 조례 개정 성흠제 서울시의원 “시민 발 묶이지 않도록”…비상상황 대비 ‘끊기지 않는 대중교통’ 조례 개정 신성대 기자 김영철 서울시의원 “재정비촉진지구 정비, 이제는 속도전”…조례 개정·특별법 개정 촉구 김영철 서울시의원 “재정비촉진지구 정비, 이제는 속도전”…조례 개정·특별법 개정 촉구 신성대 기자 채수지 서울시의원, “학교시설, 일방적 사용중단 안된다”… 조례 본회의 통과 채수지 서울시의원, “학교시설, 일방적 사용중단 안된다”… 조례 본회의 통과 신성대 기자",http://www.fntoday.co.kr/news/articleView.html?idxno=355676
"의정부시, 시청 건물‧회의실 명칭 7월부터 새롭게 바뀐다",2025-06-28 15:38:00,신선호,"시민 눈높이에 맞춘 공간 재정비 [의정부=뉴스핌]신선호 기자=의정부시는 오는 7월 1일부터 시청사 건물과 회의실 이름을 시민들이 한눈에 알기 쉬운 방식으로 일괄 변경한다고 28일 밝혔다. 기존 '본관‧신관‧별관' 체계에 시청 외부에 있는 '주차관리과 별관'까지 운용해 청사 동별 명칭이 혼란스럽다는 시민들의 의견을 반영한 조치로. 향후 증축 수요에도 대처하기 위해 추진했다. 의정부시청 전경[사진=의정부시] 2025. 28 sinnews7@newspim. com 이에 따라 건물 이름을 ▲별관→제1별관▲신관→제2별관▲주차관리과 별관→제3별관으로 변경하고, 복지 정책을 반영해 ▲다목적이용시설→모두의 운동장으로 바꾼다. 이와 함께 청사 내 회의실 명칭은 태조 이성계가 환궁 시 대신들과 정사를 논의했던 '의정부' 지명 유래를 반영해 지역 정체성을 강화했다. 기존 회의실 명칭이 상황실, 재난상황실 등으로 쓰여 참석자들이 찾아가기 어렵다는 의견도 함께 반영했다. 회의실은 ▲대강당→태조홀▲상황실→의정홀▲중회의실→회룡홀▲소회의실→직곡홀▲별관 회의실→망월정으로 공간별 특성과 의미를 부여해 새 단장한다. 시는 예산 절감을 위해 이번 명칭 변경을 하반기 조직개편(7월 1일자) 사인물 정비에 함께 반영할 계획이다. 아울러 시는 청사 전체를 소통과 협업 중심 공간으로 혁신하며. 기존 공간 활용에도 변화를 주고 있다. 이미 5월부터 사용하지 않는 시간대의 중회의실을 음악이 흐르는 카페형 휴게 공간으로 개방해, 직원과 방문 시민 모두가 쉬어 갈 수 있도록 했다. 박재범 회계과장은 ""청사 명칭 혼선으로 불편을 겪은 시민 의견을 반영해 변경을 추진했다""며 ""앞으로 홍보를 강화해 시민들이 보다 편리하게 청사를 이용할 수 있도록 하겠다""고 말했다. sinnews7@newspim",https://www.newspim.com/news/view/20250628000117
영재학교 졸업생 어디로 가나…서울대·카이스트·연세대 순,2025-06-28 15:37:00,구무서,"영재학교 졸업생 어디로 가나…서울대·카이스트·연세대 순 등록 2025. 28 15:37:13 작게 크게 한국교육개발원 영재교육 현황과 이슈89%는 사교육 참여…11%는 의대 진학 [서울=뉴시스] 서울대 전경. (사진=뉴시스 DB) 2022. [email protected] *재판매 및 DB 금지 [서울=뉴시스] 구무서 기자 = 영재학교 학생들이 졸업한 이후 가장 많이 진학한 대학은 서울대로 나타났다. 한국교육개발원(KEDI)은 28일 서울교대에서 '지속 가능한 교육 발전: 수월성과 형평성을 위한 미래 전략'을 주제로 제216차 KEDI 교육정책포럼을 개최했다. 이날 포럼에서 발표된 '영재학교 졸업생을 통해 본 영재교육의 현황과 이슈' 자료에 따르면 2019~2022년 8개 영재학교 졸업생 2091명 중 60%가 종합대학에 진학했고 40%가 과학기술 연구중심대학인 과기특성화대를 갔다. 또 2017학년도 영재학교 입학생 종단 연구 결과 가장 많이 재학 중인 대학은 서울대 28. 1%, 카이스트 20. 8%, 연세대 11%, 고려대 10%, 한양대 6. 이 연구에서 영재학교 입학생 중 의약학 계열 진학 비율은 2020학년도 6. 4%였는데 2021학년도에는 11. 영재학교 1학년의 사교육 참여율은 2017학년도 73. 1%에서 2022학년도에는 89%까지 증가했다. 단 학년이 올라갈수록 사교육 의존도는 감소하는 경향을 나타냈다. ◎공감언론 뉴시스 [email protected] Copyright © NEWSIS. COM, 무단 전재 및 재배포 금지 많이 본 사진 숨진 아이 시신 안고 병원 도착한 가자 주민 미국 상공회의소 라운드테이블 참석한 여한구 통상교섭본부장 윤석열 전 대통령, 내란특검 조사 출석 FC 바르셀로나 유스팀 입단한 쌍둥이 형제 이대한-이민국 부상 아이 대피시키는 팔레스타인 남성 에딩턴 시사회 참석한 에마 스톤 봉사활동 나선 박하선 내한한 사토 타케루-코시바 후우카 매력적인 나나 정수정의 사랑스러운 미소 '특급 우아' 김희애 뉴시스Pic 다양한 연령층이 참가한 대한민국 '전국민 건강줄넘기대회' [뉴시스 Pic] 윤석열 전 대통령, 내란특검 첫 대면조사 지상 출석 이번주 국회에는 무슨 일이? [뉴시스국회토pic] 용산 대통령실 일주일 그래픽뉴스 서울 집값, 2018년 이후 최고 상승률 이시간 핫뉴스 지누션 지누, 한고은 닮은 13세 연하 아내 첫 공개 '장동건♥' 고소영, 건강 적신호…촬영편집 요구 이규혁·손담비, 붕어빵 딸 공개…엄마 닮았네 김대호, 배우 옥자연과 핑크빛…""너무 행복해"" '아내 흉기살해 의심' 남편 숨진 채 발견…경찰 수사 오늘의 헤드라인 ""특검 ""尹, 계속 조사 안 받으면 출석거부 간주하고 결단할 것"" 12·3 비상계엄 사태 관련 내란·외환죄를 수사하는 내란 특검팀이 윤석열 전 대통령에 대한 첫 대면조사를 통해 오전 조사를 마쳤다. 그러나 오후 들어 윤 전 대통령 조사자 교체를 요구하며 사실상 조사를 거부하고 있다고 밝혔다. 박지영 내란특검(특별검사 조은석) 특검보는 28일 오후 3시15분께 서울고검 청사에서 기자들과 만나 ""윤 전 대통령이 현재 대 정치 차기 민정수석에 봉욱 전 대검차장 검토 국제 ""트럼프, 협상 원하면 하메네이 모욕말라"" 경제 생산·소비·투자 반등할까…물가동향 주목 금융 주담대 6억 제한…사상초유 규제 배경은? 산업 삼성 AI집사 볼리, 출시 연기…늦어지는 이유는 IT·바이오 ""이 옷 잘 어울릴까""…구글, 가상 피팅룸 서비스 사회 낮기온 올라 무더위…수요일까지 곳곳 비 문화 낯설지만 감각적인…두 작가가 그려낸 하나의 길 스포츠 기성용이 처음 아니다 FC서울 떠난 레전드들 연예 ""시대정신"" ""억지 설정"" 오징어게임3 해외 평가는 많이 본 기사 종합 정치 국제 경제 금융 산업 IT·바이오 사회 수도권 지방 문화 스포츠 연예 '장동건♥' 고소영, 53세에 건강 적신호 ""이두건염 왔다"" '이규혁♥' 손담비, 붕어빵 딸 공개…""옹알이 시작"" 지누션 지누, 13세 연하 아내♥ 최초 공개…한고은 닮은꼴 김대호, 배우 옥자연과 핑크빛 기류 ""설레가지고…"" '아내 흉기살해 의심' 남편 숨진 채 발견…경찰 수사 DJ 소다, 탈색 사고로 강제 삭발 ""거의 매일 울었다"" 손예진, 강가에 선 맨발 여신…♥현빈이 안 찍었다 '일타 강사' 조정식, 문항 거래 의혹에 ""부끄러운 짓 절대 안 해"" 트럼프 ""北과 분쟁 있으면 해결할 것…김정은과 잘 지내"" 트럼프 ""北과 분쟁 있으면 해결할 것…김정은과 좋은 관계"" 이소영 ""김건희 휠체어 퇴원, 의아…재벌 회장 수사 때 자주 보던 장면"" 주담대 한도 6억…사상초유 규제 배경은? 통상본부장, 美정부·의회와 협력강화·비전 공유…""위기 기회로 만들 것"" 용산 대통령실 일주일 이번주 국회에는 무슨 일이? 이 대통령, 개혁 예고 '기재·법무부' 등 후속 장관 총리 인준 후 발표할 듯 “미모냐, 정치냐""…홍콩 女구의원, 미스홍콩 출전 결국 포기 트럼프 ""北과 분쟁 있으면 해결할 것…김정은과 잘 지내"" 트럼프 ""北과 분쟁 있으면 해결할 것…김정은과 좋은 관계"" 뉴욕증시 상승 마감…S&P500 4개월 만 최고치 통상본부장, 美정부·의회와 협력강화·비전 공유…""위기 기회로 만들 것"" 정부 ""美상호관세 유예 안심 못해…시나리오별 최선 대응""(종합) SNS 인플루언서, 거식증 앓다가 사망…""여성의 대상화, 문제 있어"" 노르웨이 왕자 성폭행 등 두 자릿수 범죄로 피소 '천장' 뚫린 서울 집값…멀어지는 내 집 마련① 주담대 한도 6억…사상초유 규제 배경은? 통상본부장, 美정부·의회와 협력강화·비전 공유…""위기 기회로 만들 것"" 정부 ""美상호관세 유예 안심 못해…시나리오별 최선 대응""(종합) 기재부 장관 지명 임박했다…경제 컨트롤타워 공백 매듭짓나 주담대는 6억까지…디딤돌·버팀목 대출 한도 최대 1억 낮춰 산업화 요람 마지막 국영 탄광 '삼척 도계' 이달 폐광 여한구 ""관세협상, 새정부 최우선순위…美에 가속화 의지 설명"" 주담대 한도 6억…사상초유 규제 배경은? 하나금융 ""둘째 출산 시 가사도우미 바우처·육아용품 지원"" ""원화 스테이블코인 성공할까""…거세지는 찬반론 토스, 앱 자동진단 도구 '앨리' 개발…장애인 접근성 높여 상반기 주가 상승률 2~3위 코인株…1위는? ""K-방산주 더 간다""…목표가 높이는 증권가 할인·적립·캐시백…'쿠팡 혜택' 추천 카드 5종 뭐있나 통상본부장, 美정부·의회와 협력강화·비전 공유…""위기 기회로 만들 것"" ""여름 음료부터 상반기 인기 식품까지"" 장바구니 부담 덜어볼까 ""사무실에 '여성 휴게실'만…남직원은 어디서 쉬나요?"" ""신비 복숭아부터 치킨까지"" 대형마트 먹거리 할인 '풍성' 기재부 장관 지명 임박했다…경제 컨트롤타워 공백 매듭짓나 '중동 불안' 영향 받은 주유소…휘발유 28원↑ 산업화 요람 마지막 국영 탄광 '삼척 도계' 이달 폐광 삼성 AI집사 볼리, 하반기로 출시 연기…왜 늦어졌나? AI가 육안식별 어려운 '위암' 탐지…""숙련된 전문의 수준"" '갓성비' 샤오미, 韓서 고급화 전략 시동…""직접 써보면 다를 것"" 美, 초당적 바이오 지원기구 출범…""글로벌 리더십 강화"" 비대위원장 새로 뽑은 전공의…'대정부 요구안 논의' 주목 ""이 옷 나에게 잘 어울릴까""…가상 피팅룸 서비스 내놓은 구글 ""엔딩 어마어마하다는데""…'오징어게임3' 가장 싸게 보는 방법 ""남획이 물고기의 성장을 막는 진화를 촉진한다"" 엔씨, '아이온2' 하반기 출격…FGT 이용자 반응 살핀다 '아내 흉기살해 의심' 남편 숨진 채 발견…경찰 수사 흉기로 아내 살인, 남편은 투신해 숨져…'부부 사망' 수사(종합) 윤석열, 주차장 아닌 서울고검 현관 앞 도착 아파트 베란다 곰솥에 방화…화재 나자 난간에 대롱대롱 이소영 ""김건희 휠체어 퇴원, 의아…재벌 회장 수사 때 자주 보던 장면"" 하나금융 ""둘째 출산 시 가사도우미 바우처·육아용품 지원"" AI가 육안식별 어려운 '위암' 탐지…""숙련된 전문의 수준"" 머릿수대로 나온 반찬 두 개 먹는 동료 지적했다가…""식탐 있냐"" 핀잔 인천, 흐리고 최대 50㎜ 장맛비…체감 31도 무더위 경기남부 최대 30㎜ 비, 낮 최고 30도 경기북부(6월28일 토요일) 서울 각 자치구, 청소년·육아부모 등 마음건강까지 챙긴다 의정부시 ""양성평등상 수상 후보자 추천하세요"" 의정부음악도서관, 랩·힙합 등 다양한 장르의 공연 선봬 파주시, 5844세대에 탄소중립포인트 성과급 지급 다자녀 출국 빨라진다…인천·김포·김해·제주공항서 우선 출국 서비스 '아내 흉기살해 의심' 남편 숨진 채 발견…경찰 수사 흉기로 아내 살인, 남편은 투신해 숨져…'부부 사망' 수사(종합) 아파트 베란다 곰솥에 방화…화재 나자 난간에 대롱대롱 산업화 요람 마지막 국영 탄광 '삼척 도계' 이달 폐광 거제시의회, 찾아가는 청렴워크숍 개최 충남권 더위 계속…돌풍 동반 천둥번개도 송유인 김해시의원 ""세계 최대 구산동지석묘 조속한 복원 정비사업 진행해야"" 다자녀 출국 빨라진다…인천·김포·김해·제주공항서 우선 출국 서비스 심상용 관장 ""추상미술은 보이는 것에 갇히지 않으려는 예술"" '완판' 오코쿠메, 다시 서울에…동반자 폴 세구라와 국내 첫 2인전 세계적 명상 지도자 롭상 텐진 네기 교수, 동국대서 선명상 세미나 ""오늘의 운세, 진짜라고?""…'설마' 하고 긁은 복권이 1등 당첨 마린스키 '주역' 발레리노 전민철…조선 건축물 돌려준 日 사찰 주지 여기는 '멤피스', 로큰롤이 깨어나는 곳 '금융인♥' 손연재, 우아한 드레스 자태…요정 미모 여전 기성용이 처음 아니다…FC서울을 떠난 레전드들 ""바르사 1군서 뛰고 싶어요""…'한국 축구 미래' 대한·민국의 포부 '강렬한 데뷔전' 삼성 가라비토, 롯데 감보아처럼 '복덩이' 될까 장유빈, LIV 골프 댈러스 대회 첫날 공동 26위 경남FC 이강희, 오스트리아 프로축구 명문 빈과 4년 계약 탁구 임종훈-신유빈, WTT 자그레브서 한일전 승리…혼복 결승 진출 박성현·윤이나, LPGA '2인 1조' 팀 대회 2R 공동 9위로 껑충 '장동건♥' 고소영, 53세에 건강 적신호 ""이두건염 왔다"" '이규혁♥' 손담비, 붕어빵 딸 공개…""옹알이 시작"" 지누션 지누, 13세 연하 아내♥ 최초 공개…한고은 닮은꼴 김대호, 배우 옥자연과 핑크빛 기류 ""설레가지고…"" DJ 소다, 탈색 사고로 강제 삭발 ""거의 매일 울었다"" 손예진, 강가에 선 맨발 여신…♥현빈이 안 찍었다 '일타 강사' 조정식, 문항 거래 의혹에 ""부끄러운 짓 절대 안 해"" '금융인♥' 손연재, 우아한 드레스 자태…요정 미모 여전 뉴시스 기획특집 민생회복 추경 꿈의 5000 고지 AI 고속도로 뜬다 서민 울리는 민생범죄 집값 급등 경고음",https://www.newsis.com/view/NISX20250628_0003231273
"국립금오공대, 구미 반도체 산업 경쟁력 강화한다",2025-06-28 15:36:00,중앙이코노미뉴스,"SPC 제빵 공장 잠입한 공의정 노무사. ""빵이 사람보다 우선인 구조"" 폭로 [창간특집-한국 기업 옥죄는 중국기업들②] 텐센트, 게임에 이어 K팝까지…‘차이나머니’의 조용한 침투 장애인 희롱한 '용인도시공사'…불공정·부실 채용 '도마' [창간특집-한국 기업 옥죄는 중국기업들③] BYD, 기술력 앞세운 무차별 진격에 현대차도 '긴장', 중견3사는 '울상' 국장 역동성 다시 살아나…네이버·카카오·두산에너빌 등 시총 순위 급등 美 트럼프, '금리 갈등' 제롬 파월 연준 의장 교체 시사. “3∼4명 후임자 염두” [마감시황] 한국전력·SK하이닉스·줄기세포 치료제 관련주",https://www.joongangenews.com/news/articleView.html?idxno=430005
[심층] 주변에서 다들 '큰 병원' 가라던데···&quot;지역 환자 수도권 유출...,2025-06-28 15:36:00,정보없음,"""큰 병원 가보라?""가까운 병원에 갔는데 '큰 병원 가보라'라는 말 듣는 경우 종종 있죠?병원은 규모, 기능 등에 따라 1차, 2차, 3차 병원으로 나뉘는데요.큰 병원은 3차 병원을 뜻할 때가 많습니다.고난도 중증질환이나 희귀·난치 질환자를 최종적으로 진료하는 곳, 다시 말해 상급종합병원입니다.이 가운데 국립대병원 11곳이 포함돼 있는데요.  대구 2곳을 포함해 전국에 17곳의 국립대병원이 있습니다.지역 환자, 서울로 서울로···큰 병원이란 상급종합병원을 말하지만 실제로는 서울에 있는 빅5 병원을 뜻할 때가 적지 않습니다.실제 수도권 병원을 찾는 환자가 적지 않은데요.한국보건사회연구원이 2023년 기준으로 지역 환자의 수도권 유출 비용을 조사했더니 지역 의료 기관 외면이 심각한 것으로 나타났습니다.시도별 세부 자료까지 공개하지 않았습니다만, 전체 통계로 보면, 진료비만 1조 3천억 원이었습니다.그리고 환자와 가족의 기회비용, 간병, 교통·숙박비까지 합치면 최대 4조 6천억 원을 넘는 것으로 나타났습니다.지역 병원은 못 믿나?수도권을 제외하고 전국의 만 19~69세 지역 주민 1,050명을 대상으로 설문 조사에서는 수도권과 지역 간 의료격차가 심각하다고 답한 비율이 80.3%로 나타났습니다.비수도권 의료서비스에 대해서는 60% 가까이 부정적으로 답했습니다.지역 의료 불신이 크다 보니 지역 국립대 병원을 이용하겠다는 응답이 경증질환은 54.1%로 절반을 넘었지만, 중증의 경우 43.5%로 뚝 떨어졌습니다.수도권 상급종합병원, 수도권 종합병원, 수도권 병의원, 지역 국립대병원, 지역 기타 대학병원, 지역 종합병원, 지역 병의원 등의 보기를 주고 질병 특성별 최우선 선호 기관을 묻기도 했는데요.본인의 질환이 경증일 때는 52.3%가 지역 병의원을 이용하겠다고 답했고, 지역 종합병원이 15.0%, 지역 국립대병원이 14.2% 순이었습니다.응급 상황에서는 37.0%가 지역 국립대병원을 선호한다고 했고 지역 종합병원 21.5%, 수도권 상급종합병원 18.8% 순으로 나타났습니다.권역 제한 없어지고 교통 발달로 일일생활권지역 환자 유출은 1998년 권역 진료 의뢰 제도가 없어지고 KTX 등 교통 발달로 급속하게 커진 것으로 파악됩니다.전국 어디든, 물론 가까운 지역만큼은 아니지만, 서울 가는 교통이 편리해졌습니다.불편함이 다소 있더라도 '잘 고친다더라'라는 말에 기대를 가지고 큰 병원으로 향하는 겁니다.지역 의료 어떻게 해야 하나?한국보건사회연구원은 환자 유출을 줄이기 위해서는 지역국립대병원이 지역의 중추적 의료기관 역할을 하도록 지원해야 한다고 평가했습니다.지역 의료계에서도 시간을 다투는 심뇌혈관 질환을 비롯해 지역 종결형 의료를 위해 국립병원을 중심으로 한 최신 의료기기 도입과 인재 양성을 우선 과제로 꼽습니다.지역에서 배출한 우수한 의료 인력이 다른 지역으로 유출되는 것도 줄여야겠지만, 이들을 지도하고 환자들을 직접 진료하는 인재들이 유출되게 둬서는 안 된다고 합니다.지역의 의료 체계 확립은 환자의 의료선택권 보장을 넘어 비효율에 따른 사회적 손실을 줄이기 위해서도 필수 요소로 꼽힙니다.새 정부 들어 의료 개혁 문제가 다시 원점에서 논의되고 있는 가운데 지역 간 의료 불균형과 그에 따른 비용을 줄이기 위한 강력한 정책이 필요해 보입니다.
병원은 규모, 기능 등에 따라 1차, 2차, 3차 병원으로 나뉘는데요.큰 병원은 3차 병원을 뜻할 때가 많습니다.고난도 중증질환이나 희귀·난치 질환자를 최종적으로 진료하는 곳, 다시 말해 상급종합병원입니다.이 가운데 국립대병원 11곳이 포함돼 있는데요.  대구 2곳을 포함해 전국에 17곳의 국립대병원이 있습니다.지역 환자, 서울로 서울로···큰 병원이란 상급종합병원을 말하지만 실제로는 서울에 있는 빅5 병원을 뜻할 때가 적지 않습니다.실제 수도권 병원을 찾는 환자가 적지 않은데요.한국보건사회연구원이 2023년 기준으로 지역 환자의 수도권 유출 비용을 조사했더니 지역 의료 기관 외면이 심각한 것으로 나타났습니다.시도별 세부 자료까지 공개하지 않았습니다만, 전체 통계로 보면, 진료비만 1조 3천억 원이었습니다.그리고 환자와 가족의 기회비용, 간병, 교통·숙박비까지 합치면 최대 4조 6천억 원을 넘는 것으로 나타났습니다.지역 병원은 못 믿나?수도권을 제외하고 전국의 만 19~69세 지역 주민 1,050명을 대상으로 설문 조사에서는 수도권과 지역 간 의료격차가 심각하다고 답한 비율이 80.3%로 나타났습니다.비수도권 의료서비스에 대해서는 60% 가까이 부정적으로 답했습니다.지역 의료 불신이 크다 보니 지역 국립대 병원을 이용하겠다는 응답이 경증질환은 54.1%로 절반을 넘었지만, 중증의 경우 43.5%로 뚝 떨어졌습니다.수도권 상급종합병원, 수도권 종합병원, 수도권 병의원, 지역 국립대병원, 지역 기타 대학병원, 지역 종합병원, 지역 병의원 등의 보기를 주고 질병 특성별 최우선 선호 기관을 묻기도 했는데요.본인의 질환이 경증일 때는 52.3%가 지역 병의원을 이용하겠다고 답했고, 지역 종합병원이 15.0%, 지역 국립대병원이 14.2% 순이었습니다.응급 상황에서는 37.0%가 지역 국립대병원을 선호한다고 했고 지역 종합병원 21.5%, 수도권 상급종합병원 18.8% 순으로 나타났습니다.권역 제한 없어지고 교통 발달로 일일생활권지역 환자 유출은 1998년 권역 진료 의뢰 제도가 없어지고 KTX 등 교통 발달로 급속하게 커진 것으로 파악됩니다.전국 어디든, 물론 가까운 지역만큼은 아니지만, 서울 가는 교통이 편리해졌습니다.불편함이 다소 있더라도 '잘 고친다더라'라는 말에 기대를 가지고 큰 병원으로 향하는 겁니다.지역 의료 어떻게 해야 하나?한국보건사회연구원은 환자 유출을 줄이기 위해서는 지역국립대병원이 지역의 중추적 의료기관 역할을 하도록 지원해야 한다고 평가했습니다.지역 의료계에서도 시간을 다투는 심뇌혈관 질환을 비롯해 지역 종결형 의료를 위해 국립병원을 중심으로 한 최신 의료기기 도입과 인재 양성을 우선 과제로 꼽습니다.지역에서 배출한 우수한 의료 인력이 다른 지역으로 유출되는 것도 줄여야겠지만, 이들을 지도하고 환자들을 직접 진료하는 인재들이 유출되게 둬서는 안 된다고 합니다.지역의 의료 체계 확립은 환자의 의료선택권 보장을 넘어 비효율에 따른 사회적 손실을 줄이기 위해서도 필수 요소로 꼽힙니다.새 정부 들어 의료 개혁 문제가 다시 원점에서 논의되고 있는 가운데 지역 간 의료 불균형과 그에 따른 비용을 줄이기 위한 강력한 정책이 필요해 보입니다.
큰 병원은 3차 병원을 뜻할 때가 많습니다.고난도 중증질환이나 희귀·난치 질환자를 최종적으로 진료하는 곳, 다시 말해 상급종합병원입니다.이 가운데 국립대병원 11곳이 포함돼 있는데요.  대구 2곳을 포함해 전국에 17곳의 국립대병원이 있습니다.지역 환자, 서울로 서울로···큰 병원이란 상급종합병원을 말하지만 실제로는 서울에 있는 빅5 병원을 뜻할 때가 적지 않습니다.실제 수도권 병원을 찾는 환자가 적지 않은데요.한국보건사회연구원이 2023년 기준으로 지역 환자의 수도권 유출 비용을 조사했더니 지역 의료 기관 외면이 심각한 것으로 나타났습니다.시도별 세부 자료까지 공개하지 않았습니다만, 전체 통계로 보면, 진료비만 1조 3천억 원이었습니다.그리고 환자와 가족의 기회비용, 간병, 교통·숙박비까지 합치면 최대 4조 6천억 원을 넘는 것으로 나타났습니다.지역 병원은 못 믿나?수도권을 제외하고 전국의 만 19~69세 지역 주민 1,050명을 대상으로 설문 조사에서는 수도권과 지역 간 의료격차가 심각하다고 답한 비율이 80.3%로 나타났습니다.비수도권 의료서비스에 대해서는 60% 가까이 부정적으로 답했습니다.지역 의료 불신이 크다 보니 지역 국립대 병원을 이용하겠다는 응답이 경증질환은 54.1%로 절반을 넘었지만, 중증의 경우 43.5%로 뚝 떨어졌습니다.수도권 상급종합병원, 수도권 종합병원, 수도권 병의원, 지역 국립대병원, 지역 기타 대학병원, 지역 종합병원, 지역 병의원 등의 보기를 주고 질병 특성별 최우선 선호 기관을 묻기도 했는데요.본인의 질환이 경증일 때는 52.3%가 지역 병의원을 이용하겠다고 답했고, 지역 종합병원이 15.0%, 지역 국립대병원이 14.2% 순이었습니다.응급 상황에서는 37.0%가 지역 국립대병원을 선호한다고 했고 지역 종합병원 21.5%, 수도권 상급종합병원 18.8% 순으로 나타났습니다.권역 제한 없어지고 교통 발달로 일일생활권지역 환자 유출은 1998년 권역 진료 의뢰 제도가 없어지고 KTX 등 교통 발달로 급속하게 커진 것으로 파악됩니다.전국 어디든, 물론 가까운 지역만큼은 아니지만, 서울 가는 교통이 편리해졌습니다.불편함이 다소 있더라도 '잘 고친다더라'라는 말에 기대를 가지고 큰 병원으로 향하는 겁니다.지역 의료 어떻게 해야 하나?한국보건사회연구원은 환자 유출을 줄이기 위해서는 지역국립대병원이 지역의 중추적 의료기관 역할을 하도록 지원해야 한다고 평가했습니다.지역 의료계에서도 시간을 다투는 심뇌혈관 질환을 비롯해 지역 종결형 의료를 위해 국립병원을 중심으로 한 최신 의료기기 도입과 인재 양성을 우선 과제로 꼽습니다.지역에서 배출한 우수한 의료 인력이 다른 지역으로 유출되는 것도 줄여야겠지만, 이들을 지도하고 환자들을 직접 진료하는 인재들이 유출되게 둬서는 안 된다고 합니다.지역의 의료 체계 확립은 환자의 의료선택권 보장을 넘어 비효율에 따른 사회적 손실을 줄이기 위해서도 필수 요소로 꼽힙니다.새 정부 들어 의료 개혁 문제가 다시 원점에서 논의되고 있는 가운데 지역 간 의료 불균형과 그에 따른 비용을 줄이기 위한 강력한 정책이 필요해 보입니다.
고난도 중증질환이나 희귀·난치 질환자를 최종적으로 진료하는 곳, 다시 말해 상급종합병원입니다.이 가운데 국립대병원 11곳이 포함돼 있는데요.  대구 2곳을 포함해 전국에 17곳의 국립대병원이 있습니다.지역 환자, 서울로 서울로···큰 병원이란 상급종합병원을 말하지만 실제로는 서울에 있는 빅5 병원을 뜻할 때가 적지 않습니다.실제 수도권 병원을 찾는 환자가 적지 않은데요.한국보건사회연구원이 2023년 기준으로 지역 환자의 수도권 유출 비용을 조사했더니 지역 의료 기관 외면이 심각한 것으로 나타났습니다.시도별 세부 자료까지 공개하지 않았습니다만, 전체 통계로 보면, 진료비만 1조 3천억 원이었습니다.그리고 환자와 가족의 기회비용, 간병, 교통·숙박비까지 합치면 최대 4조 6천억 원을 넘는 것으로 나타났습니다.지역 병원은 못 믿나?수도권을 제외하고 전국의 만 19~69세 지역 주민 1,050명을 대상으로 설문 조사에서는 수도권과 지역 간 의료격차가 심각하다고 답한 비율이 80.3%로 나타났습니다.비수도권 의료서비스에 대해서는 60% 가까이 부정적으로 답했습니다.지역 의료 불신이 크다 보니 지역 국립대 병원을 이용하겠다는 응답이 경증질환은 54.1%로 절반을 넘었지만, 중증의 경우 43.5%로 뚝 떨어졌습니다.수도권 상급종합병원, 수도권 종합병원, 수도권 병의원, 지역 국립대병원, 지역 기타 대학병원, 지역 종합병원, 지역 병의원 등의 보기를 주고 질병 특성별 최우선 선호 기관을 묻기도 했는데요.본인의 질환이 경증일 때는 52.3%가 지역 병의원을 이용하겠다고 답했고, 지역 종합병원이 15.0%, 지역 국립대병원이 14.2% 순이었습니다.응급 상황에서는 37.0%가 지역 국립대병원을 선호한다고 했고 지역 종합병원 21.5%, 수도권 상급종합병원 18.8% 순으로 나타났습니다.권역 제한 없어지고 교통 발달로 일일생활권지역 환자 유출은 1998년 권역 진료 의뢰 제도가 없어지고 KTX 등 교통 발달로 급속하게 커진 것으로 파악됩니다.전국 어디든, 물론 가까운 지역만큼은 아니지만, 서울 가는 교통이 편리해졌습니다.불편함이 다소 있더라도 '잘 고친다더라'라는 말에 기대를 가지고 큰 병원으로 향하는 겁니다.지역 의료 어떻게 해야 하나?한국보건사회연구원은 환자 유출을 줄이기 위해서는 지역국립대병원이 지역의 중추적 의료기관 역할을 하도록 지원해야 한다고 평가했습니다.지역 의료계에서도 시간을 다투는 심뇌혈관 질환을 비롯해 지역 종결형 의료를 위해 국립병원을 중심으로 한 최신 의료기기 도입과 인재 양성을 우선 과제로 꼽습니다.지역에서 배출한 우수한 의료 인력이 다른 지역으로 유출되는 것도 줄여야겠지만, 이들을 지도하고 환자들을 직접 진료하는 인재들이 유출되게 둬서는 안 된다고 합니다.지역의 의료 체계 확립은 환자의 의료선택권 보장을 넘어 비효율에 따른 사회적 손실을 줄이기 위해서도 필수 요소로 꼽힙니다.새 정부 들어 의료 개혁 문제가 다시 원점에서 논의되고 있는 가운데 지역 간 의료 불균형과 그에 따른 비용을 줄이기 위한 강력한 정책이 필요해 보입니다.
이 가운데 국립대병원 11곳이 포함돼 있는데요.  대구 2곳을 포함해 전국에 17곳의 국립대병원이 있습니다.지역 환자, 서울로 서울로···큰 병원이란 상급종합병원을 말하지만 실제로는 서울에 있는 빅5 병원을 뜻할 때가 적지 않습니다.실제 수도권 병원을 찾는 환자가 적지 않은데요.한국보건사회연구원이 2023년 기준으로 지역 환자의 수도권 유출 비용을 조사했더니 지역 의료 기관 외면이 심각한 것으로 나타났습니다.시도별 세부 자료까지 공개하지 않았습니다만, 전체 통계로 보면, 진료비만 1조 3천억 원이었습니다.그리고 환자와 가족의 기회비용, 간병, 교통·숙박비까지 합치면 최대 4조 6천억 원을 넘는 것으로 나타났습니다.지역 병원은 못 믿나?수도권을 제외하고 전국의 만 19~69세 지역 주민 1,050명을 대상으로 설문 조사에서는 수도권과 지역 간 의료격차가 심각하다고 답한 비율이 80.3%로 나타났습니다.비수도권 의료서비스에 대해서는 60% 가까이 부정적으로 답했습니다.지역 의료 불신이 크다 보니 지역 국립대 병원을 이용하겠다는 응답이 경증질환은 54.1%로 절반을 넘었지만, 중증의 경우 43.5%로 뚝 떨어졌습니다.수도권 상급종합병원, 수도권 종합병원, 수도권 병의원, 지역 국립대병원, 지역 기타 대학병원, 지역 종합병원, 지역 병의원 등의 보기를 주고 질병 특성별 최우선 선호 기관을 묻기도 했는데요.본인의 질환이 경증일 때는 52.3%가 지역 병의원을 이용하겠다고 답했고, 지역 종합병원이 15.0%, 지역 국립대병원이 14.2% 순이었습니다.응급 상황에서는 37.0%가 지역 국립대병원을 선호한다고 했고 지역 종합병원 21.5%, 수도권 상급종합병원 18.8% 순으로 나타났습니다.권역 제한 없어지고 교통 발달로 일일생활권지역 환자 유출은 1998년 권역 진료 의뢰 제도가 없어지고 KTX 등 교통 발달로 급속하게 커진 것으로 파악됩니다.전국 어디든, 물론 가까운 지역만큼은 아니지만, 서울 가는 교통이 편리해졌습니다.불편함이 다소 있더라도 '잘 고친다더라'라는 말에 기대를 가지고 큰 병원으로 향하는 겁니다.지역 의료 어떻게 해야 하나?한국보건사회연구원은 환자 유출을 줄이기 위해서는 지역국립대병원이 지역의 중추적 의료기관 역할을 하도록 지원해야 한다고 평가했습니다.지역 의료계에서도 시간을 다투는 심뇌혈관 질환을 비롯해 지역 종결형 의료를 위해 국립병원을 중심으로 한 최신 의료기기 도입과 인재 양성을 우선 과제로 꼽습니다.지역에서 배출한 우수한 의료 인력이 다른 지역으로 유출되는 것도 줄여야겠지만, 이들을 지도하고 환자들을 직접 진료하는 인재들이 유출되게 둬서는 안 된다고 합니다.지역의 의료 체계 확립은 환자의 의료선택권 보장을 넘어 비효율에 따른 사회적 손실을 줄이기 위해서도 필수 요소로 꼽힙니다.새 정부 들어 의료 개혁 문제가 다시 원점에서 논의되고 있는 가운데 지역 간 의료 불균형과 그에 따른 비용을 줄이기 위한 강력한 정책이 필요해 보입니다.
대구 2곳을 포함해 전국에 17곳의 국립대병원이 있습니다.지역 환자, 서울로 서울로···큰 병원이란 상급종합병원을 말하지만 실제로는 서울에 있는 빅5 병원을 뜻할 때가 적지 않습니다.실제 수도권 병원을 찾는 환자가 적지 않은데요.한국보건사회연구원이 2023년 기준으로 지역 환자의 수도권 유출 비용을 조사했더니 지역 의료 기관 외면이 심각한 것으로 나타났습니다.시도별 세부 자료까지 공개하지 않았습니다만, 전체 통계로 보면, 진료비만 1조 3천억 원이었습니다.그리고 환자와 가족의 기회비용, 간병, 교통·숙박비까지 합치면 최대 4조 6천억 원을 넘는 것으로 나타났습니다.지역 병원은 못 믿나?수도권을 제외하고 전국의 만 19~69세 지역 주민 1,050명을 대상으로 설문 조사에서는 수도권과 지역 간 의료격차가 심각하다고 답한 비율이 80.3%로 나타났습니다.비수도권 의료서비스에 대해서는 60% 가까이 부정적으로 답했습니다.지역 의료 불신이 크다 보니 지역 국립대 병원을 이용하겠다는 응답이 경증질환은 54.1%로 절반을 넘었지만, 중증의 경우 43.5%로 뚝 떨어졌습니다.수도권 상급종합병원, 수도권 종합병원, 수도권 병의원, 지역 국립대병원, 지역 기타 대학병원, 지역 종합병원, 지역 병의원 등의 보기를 주고 질병 특성별 최우선 선호 기관을 묻기도 했는데요.본인의 질환이 경증일 때는 52.3%가 지역 병의원을 이용하겠다고 답했고, 지역 종합병원이 15.0%, 지역 국립대병원이 14.2% 순이었습니다.응급 상황에서는 37.0%가 지역 국립대병원을 선호한다고 했고 지역 종합병원 21.5%, 수도권 상급종합병원 18.8% 순으로 나타났습니다.권역 제한 없어지고 교통 발달로 일일생활권지역 환자 유출은 1998년 권역 진료 의뢰 제도가 없어지고 KTX 등 교통 발달로 급속하게 커진 것으로 파악됩니다.전국 어디든, 물론 가까운 지역만큼은 아니지만, 서울 가는 교통이 편리해졌습니다.불편함이 다소 있더라도 '잘 고친다더라'라는 말에 기대를 가지고 큰 병원으로 향하는 겁니다.지역 의료 어떻게 해야 하나?한국보건사회연구원은 환자 유출을 줄이기 위해서는 지역국립대병원이 지역의 중추적 의료기관 역할을 하도록 지원해야 한다고 평가했습니다.지역 의료계에서도 시간을 다투는 심뇌혈관 질환을 비롯해 지역 종결형 의료를 위해 국립병원을 중심으로 한 최신 의료기기 도입과 인재 양성을 우선 과제로 꼽습니다.지역에서 배출한 우수한 의료 인력이 다른 지역으로 유출되는 것도 줄여야겠지만, 이들을 지도하고 환자들을 직접 진료하는 인재들이 유출되게 둬서는 안 된다고 합니다.지역의 의료 체계 확립은 환자의 의료선택권 보장을 넘어 비효율에 따른 사회적 손실을 줄이기 위해서도 필수 요소로 꼽힙니다.새 정부 들어 의료 개혁 문제가 다시 원점에서 논의되고 있는 가운데 지역 간 의료 불균형과 그에 따른 비용을 줄이기 위한 강력한 정책이 필요해 보입니다.
지역 환자, 서울로 서울로···큰 병원이란 상급종합병원을 말하지만 실제로는 서울에 있는 빅5 병원을 뜻할 때가 적지 않습니다.실제 수도권 병원을 찾는 환자가 적지 않은데요.한국보건사회연구원이 2023년 기준으로 지역 환자의 수도권 유출 비용을 조사했더니 지역 의료 기관 외면이 심각한 것으로 나타났습니다.시도별 세부 자료까지 공개하지 않았습니다만, 전체 통계로 보면, 진료비만 1조 3천억 원이었습니다.그리고 환자와 가족의 기회비용, 간병, 교통·숙박비까지 합치면 최대 4조 6천억 원을 넘는 것으로 나타났습니다.지역 병원은 못 믿나?수도권을 제외하고 전국의 만 19~69세 지역 주민 1,050명을 대상으로 설문 조사에서는 수도권과 지역 간 의료격차가 심각하다고 답한 비율이 80.3%로 나타났습니다.비수도권 의료서비스에 대해서는 60% 가까이 부정적으로 답했습니다.지역 의료 불신이 크다 보니 지역 국립대 병원을 이용하겠다는 응답이 경증질환은 54.1%로 절반을 넘었지만, 중증의 경우 43.5%로 뚝 떨어졌습니다.수도권 상급종합병원, 수도권 종합병원, 수도권 병의원, 지역 국립대병원, 지역 기타 대학병원, 지역 종합병원, 지역 병의원 등의 보기를 주고 질병 특성별 최우선 선호 기관을 묻기도 했는데요.본인의 질환이 경증일 때는 52.3%가 지역 병의원을 이용하겠다고 답했고, 지역 종합병원이 15.0%, 지역 국립대병원이 14.2% 순이었습니다.응급 상황에서는 37.0%가 지역 국립대병원을 선호한다고 했고 지역 종합병원 21.5%, 수도권 상급종합병원 18.8% 순으로 나타났습니다.권역 제한 없어지고 교통 발달로 일일생활권지역 환자 유출은 1998년 권역 진료 의뢰 제도가 없어지고 KTX 등 교통 발달로 급속하게 커진 것으로 파악됩니다.전국 어디든, 물론 가까운 지역만큼은 아니지만, 서울 가는 교통이 편리해졌습니다.불편함이 다소 있더라도 '잘 고친다더라'라는 말에 기대를 가지고 큰 병원으로 향하는 겁니다.지역 의료 어떻게 해야 하나?한국보건사회연구원은 환자 유출을 줄이기 위해서는 지역국립대병원이 지역의 중추적 의료기관 역할을 하도록 지원해야 한다고 평가했습니다.지역 의료계에서도 시간을 다투는 심뇌혈관 질환을 비롯해 지역 종결형 의료를 위해 국립병원을 중심으로 한 최신 의료기기 도입과 인재 양성을 우선 과제로 꼽습니다.지역에서 배출한 우수한 의료 인력이 다른 지역으로 유출되는 것도 줄여야겠지만, 이들을 지도하고 환자들을 직접 진료하는 인재들이 유출되게 둬서는 안 된다고 합니다.지역의 의료 체계 확립은 환자의 의료선택권 보장을 넘어 비효율에 따른 사회적 손실을 줄이기 위해서도 필수 요소로 꼽힙니다.새 정부 들어 의료 개혁 문제가 다시 원점에서 논의되고 있는 가운데 지역 간 의료 불균형과 그에 따른 비용을 줄이기 위한 강력한 정책이 필요해 보입니다.
실제 수도권 병원을 찾는 환자가 적지 않은데요.한국보건사회연구원이 2023년 기준으로 지역 환자의 수도권 유출 비용을 조사했더니 지역 의료 기관 외면이 심각한 것으로 나타났습니다.시도별 세부 자료까지 공개하지 않았습니다만, 전체 통계로 보면, 진료비만 1조 3천억 원이었습니다.그리고 환자와 가족의 기회비용, 간병, 교통·숙박비까지 합치면 최대 4조 6천억 원을 넘는 것으로 나타났습니다.지역 병원은 못 믿나?수도권을 제외하고 전국의 만 19~69세 지역 주민 1,050명을 대상으로 설문 조사에서는 수도권과 지역 간 의료격차가 심각하다고 답한 비율이 80.3%로 나타났습니다.비수도권 의료서비스에 대해서는 60% 가까이 부정적으로 답했습니다.지역 의료 불신이 크다 보니 지역 국립대 병원을 이용하겠다는 응답이 경증질환은 54.1%로 절반을 넘었지만, 중증의 경우 43.5%로 뚝 떨어졌습니다.수도권 상급종합병원, 수도권 종합병원, 수도권 병의원, 지역 국립대병원, 지역 기타 대학병원, 지역 종합병원, 지역 병의원 등의 보기를 주고 질병 특성별 최우선 선호 기관을 묻기도 했는데요.본인의 질환이 경증일 때는 52.3%가 지역 병의원을 이용하겠다고 답했고, 지역 종합병원이 15.0%, 지역 국립대병원이 14.2% 순이었습니다.응급 상황에서는 37.0%가 지역 국립대병원을 선호한다고 했고 지역 종합병원 21.5%, 수도권 상급종합병원 18.8% 순으로 나타났습니다.권역 제한 없어지고 교통 발달로 일일생활권지역 환자 유출은 1998년 권역 진료 의뢰 제도가 없어지고 KTX 등 교통 발달로 급속하게 커진 것으로 파악됩니다.전국 어디든, 물론 가까운 지역만큼은 아니지만, 서울 가는 교통이 편리해졌습니다.불편함이 다소 있더라도 '잘 고친다더라'라는 말에 기대를 가지고 큰 병원으로 향하는 겁니다.지역 의료 어떻게 해야 하나?한국보건사회연구원은 환자 유출을 줄이기 위해서는 지역국립대병원이 지역의 중추적 의료기관 역할을 하도록 지원해야 한다고 평가했습니다.지역 의료계에서도 시간을 다투는 심뇌혈관 질환을 비롯해 지역 종결형 의료를 위해 국립병원을 중심으로 한 최신 의료기기 도입과 인재 양성을 우선 과제로 꼽습니다.지역에서 배출한 우수한 의료 인력이 다른 지역으로 유출되는 것도 줄여야겠지만, 이들을 지도하고 환자들을 직접 진료하는 인재들이 유출되게 둬서는 안 된다고 합니다.지역의 의료 체계 확립은 환자의 의료선택권 보장을 넘어 비효율에 따른 사회적 손실을 줄이기 위해서도 필수 요소로 꼽힙니다.새 정부 들어 의료 개혁 문제가 다시 원점에서 논의되고 있는 가운데 지역 간 의료 불균형과 그에 따른 비용을 줄이기 위한 강력한 정책이 필요해 보입니다.
한국보건사회연구원이 2023년 기준으로 지역 환자의 수도권 유출 비용을 조사했더니 지역 의료 기관 외면이 심각한 것으로 나타났습니다.시도별 세부 자료까지 공개하지 않았습니다만, 전체 통계로 보면, 진료비만 1조 3천억 원이었습니다.그리고 환자와 가족의 기회비용, 간병, 교통·숙박비까지 합치면 최대 4조 6천억 원을 넘는 것으로 나타났습니다.지역 병원은 못 믿나?수도권을 제외하고 전국의 만 19~69세 지역 주민 1,050명을 대상으로 설문 조사에서는 수도권과 지역 간 의료격차가 심각하다고 답한 비율이 80.3%로 나타났습니다.비수도권 의료서비스에 대해서는 60% 가까이 부정적으로 답했습니다.지역 의료 불신이 크다 보니 지역 국립대 병원을 이용하겠다는 응답이 경증질환은 54.1%로 절반을 넘었지만, 중증의 경우 43.5%로 뚝 떨어졌습니다.수도권 상급종합병원, 수도권 종합병원, 수도권 병의원, 지역 국립대병원, 지역 기타 대학병원, 지역 종합병원, 지역 병의원 등의 보기를 주고 질병 특성별 최우선 선호 기관을 묻기도 했는데요.본인의 질환이 경증일 때는 52.3%가 지역 병의원을 이용하겠다고 답했고, 지역 종합병원이 15.0%, 지역 국립대병원이 14.2% 순이었습니다.응급 상황에서는 37.0%가 지역 국립대병원을 선호한다고 했고 지역 종합병원 21.5%, 수도권 상급종합병원 18.8% 순으로 나타났습니다.권역 제한 없어지고 교통 발달로 일일생활권지역 환자 유출은 1998년 권역 진료 의뢰 제도가 없어지고 KTX 등 교통 발달로 급속하게 커진 것으로 파악됩니다.전국 어디든, 물론 가까운 지역만큼은 아니지만, 서울 가는 교통이 편리해졌습니다.불편함이 다소 있더라도 '잘 고친다더라'라는 말에 기대를 가지고 큰 병원으로 향하는 겁니다.지역 의료 어떻게 해야 하나?한국보건사회연구원은 환자 유출을 줄이기 위해서는 지역국립대병원이 지역의 중추적 의료기관 역할을 하도록 지원해야 한다고 평가했습니다.지역 의료계에서도 시간을 다투는 심뇌혈관 질환을 비롯해 지역 종결형 의료를 위해 국립병원을 중심으로 한 최신 의료기기 도입과 인재 양성을 우선 과제로 꼽습니다.지역에서 배출한 우수한 의료 인력이 다른 지역으로 유출되는 것도 줄여야겠지만, 이들을 지도하고 환자들을 직접 진료하는 인재들이 유출되게 둬서는 안 된다고 합니다.지역의 의료 체계 확립은 환자의 의료선택권 보장을 넘어 비효율에 따른 사회적 손실을 줄이기 위해서도 필수 요소로 꼽힙니다.새 정부 들어 의료 개혁 문제가 다시 원점에서 논의되고 있는 가운데 지역 간 의료 불균형과 그에 따른 비용을 줄이기 위한 강력한 정책이 필요해 보입니다.
시도별 세부 자료까지 공개하지 않았습니다만, 전체 통계로 보면, 진료비만 1조 3천억 원이었습니다.그리고 환자와 가족의 기회비용, 간병, 교통·숙박비까지 합치면 최대 4조 6천억 원을 넘는 것으로 나타났습니다.지역 병원은 못 믿나?수도권을 제외하고 전국의 만 19~69세 지역 주민 1,050명을 대상으로 설문 조사에서는 수도권과 지역 간 의료격차가 심각하다고 답한 비율이 80.3%로 나타났습니다.비수도권 의료서비스에 대해서는 60% 가까이 부정적으로 답했습니다.지역 의료 불신이 크다 보니 지역 국립대 병원을 이용하겠다는 응답이 경증질환은 54.1%로 절반을 넘었지만, 중증의 경우 43.5%로 뚝 떨어졌습니다.수도권 상급종합병원, 수도권 종합병원, 수도권 병의원, 지역 국립대병원, 지역 기타 대학병원, 지역 종합병원, 지역 병의원 등의 보기를 주고 질병 특성별 최우선 선호 기관을 묻기도 했는데요.본인의 질환이 경증일 때는 52.3%가 지역 병의원을 이용하겠다고 답했고, 지역 종합병원이 15.0%, 지역 국립대병원이 14.2% 순이었습니다.응급 상황에서는 37.0%가 지역 국립대병원을 선호한다고 했고 지역 종합병원 21.5%, 수도권 상급종합병원 18.8% 순으로 나타났습니다.권역 제한 없어지고 교통 발달로 일일생활권지역 환자 유출은 1998년 권역 진료 의뢰 제도가 없어지고 KTX 등 교통 발달로 급속하게 커진 것으로 파악됩니다.전국 어디든, 물론 가까운 지역만큼은 아니지만, 서울 가는 교통이 편리해졌습니다.불편함이 다소 있더라도 '잘 고친다더라'라는 말에 기대를 가지고 큰 병원으로 향하는 겁니다.지역 의료 어떻게 해야 하나?한국보건사회연구원은 환자 유출을 줄이기 위해서는 지역국립대병원이 지역의 중추적 의료기관 역할을 하도록 지원해야 한다고 평가했습니다.지역 의료계에서도 시간을 다투는 심뇌혈관 질환을 비롯해 지역 종결형 의료를 위해 국립병원을 중심으로 한 최신 의료기기 도입과 인재 양성을 우선 과제로 꼽습니다.지역에서 배출한 우수한 의료 인력이 다른 지역으로 유출되는 것도 줄여야겠지만, 이들을 지도하고 환자들을 직접 진료하는 인재들이 유출되게 둬서는 안 된다고 합니다.지역의 의료 체계 확립은 환자의 의료선택권 보장을 넘어 비효율에 따른 사회적 손실을 줄이기 위해서도 필수 요소로 꼽힙니다.새 정부 들어 의료 개혁 문제가 다시 원점에서 논의되고 있는 가운데 지역 간 의료 불균형과 그에 따른 비용을 줄이기 위한 강력한 정책이 필요해 보입니다.
그리고 환자와 가족의 기회비용, 간병, 교통·숙박비까지 합치면 최대 4조 6천억 원을 넘는 것으로 나타났습니다.지역 병원은 못 믿나?수도권을 제외하고 전국의 만 19~69세 지역 주민 1,050명을 대상으로 설문 조사에서는 수도권과 지역 간 의료격차가 심각하다고 답한 비율이 80.3%로 나타났습니다.비수도권 의료서비스에 대해서는 60% 가까이 부정적으로 답했습니다.지역 의료 불신이 크다 보니 지역 국립대 병원을 이용하겠다는 응답이 경증질환은 54.1%로 절반을 넘었지만, 중증의 경우 43.5%로 뚝 떨어졌습니다.수도권 상급종합병원, 수도권 종합병원, 수도권 병의원, 지역 국립대병원, 지역 기타 대학병원, 지역 종합병원, 지역 병의원 등의 보기를 주고 질병 특성별 최우선 선호 기관을 묻기도 했는데요.본인의 질환이 경증일 때는 52.3%가 지역 병의원을 이용하겠다고 답했고, 지역 종합병원이 15.0%, 지역 국립대병원이 14.2% 순이었습니다.응급 상황에서는 37.0%가 지역 국립대병원을 선호한다고 했고 지역 종합병원 21.5%, 수도권 상급종합병원 18.8% 순으로 나타났습니다.권역 제한 없어지고 교통 발달로 일일생활권지역 환자 유출은 1998년 권역 진료 의뢰 제도가 없어지고 KTX 등 교통 발달로 급속하게 커진 것으로 파악됩니다.전국 어디든, 물론 가까운 지역만큼은 아니지만, 서울 가는 교통이 편리해졌습니다.불편함이 다소 있더라도 '잘 고친다더라'라는 말에 기대를 가지고 큰 병원으로 향하는 겁니다.지역 의료 어떻게 해야 하나?한국보건사회연구원은 환자 유출을 줄이기 위해서는 지역국립대병원이 지역의 중추적 의료기관 역할을 하도록 지원해야 한다고 평가했습니다.지역 의료계에서도 시간을 다투는 심뇌혈관 질환을 비롯해 지역 종결형 의료를 위해 국립병원을 중심으로 한 최신 의료기기 도입과 인재 양성을 우선 과제로 꼽습니다.지역에서 배출한 우수한 의료 인력이 다른 지역으로 유출되는 것도 줄여야겠지만, 이들을 지도하고 환자들을 직접 진료하는 인재들이 유출되게 둬서는 안 된다고 합니다.지역의 의료 체계 확립은 환자의 의료선택권 보장을 넘어 비효율에 따른 사회적 손실을 줄이기 위해서도 필수 요소로 꼽힙니다.새 정부 들어 의료 개혁 문제가 다시 원점에서 논의되고 있는 가운데 지역 간 의료 불균형과 그에 따른 비용을 줄이기 위한 강력한 정책이 필요해 보입니다.
지역 병원은 못 믿나?수도권을 제외하고 전국의 만 19~69세 지역 주민 1,050명을 대상으로 설문 조사에서는 수도권과 지역 간 의료격차가 심각하다고 답한 비율이 80.3%로 나타났습니다.비수도권 의료서비스에 대해서는 60% 가까이 부정적으로 답했습니다.지역 의료 불신이 크다 보니 지역 국립대 병원을 이용하겠다는 응답이 경증질환은 54.1%로 절반을 넘었지만, 중증의 경우 43.5%로 뚝 떨어졌습니다.수도권 상급종합병원, 수도권 종합병원, 수도권 병의원, 지역 국립대병원, 지역 기타 대학병원, 지역 종합병원, 지역 병의원 등의 보기를 주고 질병 특성별 최우선 선호 기관을 묻기도 했는데요.본인의 질환이 경증일 때는 52.3%가 지역 병의원을 이용하겠다고 답했고, 지역 종합병원이 15.0%, 지역 국립대병원이 14.2% 순이었습니다.응급 상황에서는 37.0%가 지역 국립대병원을 선호한다고 했고 지역 종합병원 21.5%, 수도권 상급종합병원 18.8% 순으로 나타났습니다.권역 제한 없어지고 교통 발달로 일일생활권지역 환자 유출은 1998년 권역 진료 의뢰 제도가 없어지고 KTX 등 교통 발달로 급속하게 커진 것으로 파악됩니다.전국 어디든, 물론 가까운 지역만큼은 아니지만, 서울 가는 교통이 편리해졌습니다.불편함이 다소 있더라도 '잘 고친다더라'라는 말에 기대를 가지고 큰 병원으로 향하는 겁니다.지역 의료 어떻게 해야 하나?한국보건사회연구원은 환자 유출을 줄이기 위해서는 지역국립대병원이 지역의 중추적 의료기관 역할을 하도록 지원해야 한다고 평가했습니다.지역 의료계에서도 시간을 다투는 심뇌혈관 질환을 비롯해 지역 종결형 의료를 위해 국립병원을 중심으로 한 최신 의료기기 도입과 인재 양성을 우선 과제로 꼽습니다.지역에서 배출한 우수한 의료 인력이 다른 지역으로 유출되는 것도 줄여야겠지만, 이들을 지도하고 환자들을 직접 진료하는 인재들이 유출되게 둬서는 안 된다고 합니다.지역의 의료 체계 확립은 환자의 의료선택권 보장을 넘어 비효율에 따른 사회적 손실을 줄이기 위해서도 필수 요소로 꼽힙니다.새 정부 들어 의료 개혁 문제가 다시 원점에서 논의되고 있는 가운데 지역 간 의료 불균형과 그에 따른 비용을 줄이기 위한 강력한 정책이 필요해 보입니다.
비수도권 의료서비스에 대해서는 60% 가까이 부정적으로 답했습니다.지역 의료 불신이 크다 보니 지역 국립대 병원을 이용하겠다는 응답이 경증질환은 54.1%로 절반을 넘었지만, 중증의 경우 43.5%로 뚝 떨어졌습니다.수도권 상급종합병원, 수도권 종합병원, 수도권 병의원, 지역 국립대병원, 지역 기타 대학병원, 지역 종합병원, 지역 병의원 등의 보기를 주고 질병 특성별 최우선 선호 기관을 묻기도 했는데요.본인의 질환이 경증일 때는 52.3%가 지역 병의원을 이용하겠다고 답했고, 지역 종합병원이 15.0%, 지역 국립대병원이 14.2% 순이었습니다.응급 상황에서는 37.0%가 지역 국립대병원을 선호한다고 했고 지역 종합병원 21.5%, 수도권 상급종합병원 18.8% 순으로 나타났습니다.권역 제한 없어지고 교통 발달로 일일생활권지역 환자 유출은 1998년 권역 진료 의뢰 제도가 없어지고 KTX 등 교통 발달로 급속하게 커진 것으로 파악됩니다.전국 어디든, 물론 가까운 지역만큼은 아니지만, 서울 가는 교통이 편리해졌습니다.불편함이 다소 있더라도 '잘 고친다더라'라는 말에 기대를 가지고 큰 병원으로 향하는 겁니다.지역 의료 어떻게 해야 하나?한국보건사회연구원은 환자 유출을 줄이기 위해서는 지역국립대병원이 지역의 중추적 의료기관 역할을 하도록 지원해야 한다고 평가했습니다.지역 의료계에서도 시간을 다투는 심뇌혈관 질환을 비롯해 지역 종결형 의료를 위해 국립병원을 중심으로 한 최신 의료기기 도입과 인재 양성을 우선 과제로 꼽습니다.지역에서 배출한 우수한 의료 인력이 다른 지역으로 유출되는 것도 줄여야겠지만, 이들을 지도하고 환자들을 직접 진료하는 인재들이 유출되게 둬서는 안 된다고 합니다.지역의 의료 체계 확립은 환자의 의료선택권 보장을 넘어 비효율에 따른 사회적 손실을 줄이기 위해서도 필수 요소로 꼽힙니다.새 정부 들어 의료 개혁 문제가 다시 원점에서 논의되고 있는 가운데 지역 간 의료 불균형과 그에 따른 비용을 줄이기 위한 강력한 정책이 필요해 보입니다.
지역 의료 불신이 크다 보니 지역 국립대 병원을 이용하겠다는 응답이 경증질환은 54.1%로 절반을 넘었지만, 중증의 경우 43.5%로 뚝 떨어졌습니다.수도권 상급종합병원, 수도권 종합병원, 수도권 병의원, 지역 국립대병원, 지역 기타 대학병원, 지역 종합병원, 지역 병의원 등의 보기를 주고 질병 특성별 최우선 선호 기관을 묻기도 했는데요.본인의 질환이 경증일 때는 52.3%가 지역 병의원을 이용하겠다고 답했고, 지역 종합병원이 15.0%, 지역 국립대병원이 14.2% 순이었습니다.응급 상황에서는 37.0%가 지역 국립대병원을 선호한다고 했고 지역 종합병원 21.5%, 수도권 상급종합병원 18.8% 순으로 나타났습니다.권역 제한 없어지고 교통 발달로 일일생활권지역 환자 유출은 1998년 권역 진료 의뢰 제도가 없어지고 KTX 등 교통 발달로 급속하게 커진 것으로 파악됩니다.전국 어디든, 물론 가까운 지역만큼은 아니지만, 서울 가는 교통이 편리해졌습니다.불편함이 다소 있더라도 '잘 고친다더라'라는 말에 기대를 가지고 큰 병원으로 향하는 겁니다.지역 의료 어떻게 해야 하나?한국보건사회연구원은 환자 유출을 줄이기 위해서는 지역국립대병원이 지역의 중추적 의료기관 역할을 하도록 지원해야 한다고 평가했습니다.지역 의료계에서도 시간을 다투는 심뇌혈관 질환을 비롯해 지역 종결형 의료를 위해 국립병원을 중심으로 한 최신 의료기기 도입과 인재 양성을 우선 과제로 꼽습니다.지역에서 배출한 우수한 의료 인력이 다른 지역으로 유출되는 것도 줄여야겠지만, 이들을 지도하고 환자들을 직접 진료하는 인재들이 유출되게 둬서는 안 된다고 합니다.지역의 의료 체계 확립은 환자의 의료선택권 보장을 넘어 비효율에 따른 사회적 손실을 줄이기 위해서도 필수 요소로 꼽힙니다.새 정부 들어 의료 개혁 문제가 다시 원점에서 논의되고 있는 가운데 지역 간 의료 불균형과 그에 따른 비용을 줄이기 위한 강력한 정책이 필요해 보입니다.
수도권 상급종합병원, 수도권 종합병원, 수도권 병의원, 지역 국립대병원, 지역 기타 대학병원, 지역 종합병원, 지역 병의원 등의 보기를 주고 질병 특성별 최우선 선호 기관을 묻기도 했는데요.본인의 질환이 경증일 때는 52.3%가 지역 병의원을 이용하겠다고 답했고, 지역 종합병원이 15.0%, 지역 국립대병원이 14.2% 순이었습니다.응급 상황에서는 37.0%가 지역 국립대병원을 선호한다고 했고 지역 종합병원 21.5%, 수도권 상급종합병원 18.8% 순으로 나타났습니다.권역 제한 없어지고 교통 발달로 일일생활권지역 환자 유출은 1998년 권역 진료 의뢰 제도가 없어지고 KTX 등 교통 발달로 급속하게 커진 것으로 파악됩니다.전국 어디든, 물론 가까운 지역만큼은 아니지만, 서울 가는 교통이 편리해졌습니다.불편함이 다소 있더라도 '잘 고친다더라'라는 말에 기대를 가지고 큰 병원으로 향하는 겁니다.지역 의료 어떻게 해야 하나?한국보건사회연구원은 환자 유출을 줄이기 위해서는 지역국립대병원이 지역의 중추적 의료기관 역할을 하도록 지원해야 한다고 평가했습니다.지역 의료계에서도 시간을 다투는 심뇌혈관 질환을 비롯해 지역 종결형 의료를 위해 국립병원을 중심으로 한 최신 의료기기 도입과 인재 양성을 우선 과제로 꼽습니다.지역에서 배출한 우수한 의료 인력이 다른 지역으로 유출되는 것도 줄여야겠지만, 이들을 지도하고 환자들을 직접 진료하는 인재들이 유출되게 둬서는 안 된다고 합니다.지역의 의료 체계 확립은 환자의 의료선택권 보장을 넘어 비효율에 따른 사회적 손실을 줄이기 위해서도 필수 요소로 꼽힙니다.새 정부 들어 의료 개혁 문제가 다시 원점에서 논의되고 있는 가운데 지역 간 의료 불균형과 그에 따른 비용을 줄이기 위한 강력한 정책이 필요해 보입니다.
본인의 질환이 경증일 때는 52.3%가 지역 병의원을 이용하겠다고 답했고, 지역 종합병원이 15.0%, 지역 국립대병원이 14.2% 순이었습니다.응급 상황에서는 37.0%가 지역 국립대병원을 선호한다고 했고 지역 종합병원 21.5%, 수도권 상급종합병원 18.8% 순으로 나타났습니다.권역 제한 없어지고 교통 발달로 일일생활권지역 환자 유출은 1998년 권역 진료 의뢰 제도가 없어지고 KTX 등 교통 발달로 급속하게 커진 것으로 파악됩니다.전국 어디든, 물론 가까운 지역만큼은 아니지만, 서울 가는 교통이 편리해졌습니다.불편함이 다소 있더라도 '잘 고친다더라'라는 말에 기대를 가지고 큰 병원으로 향하는 겁니다.지역 의료 어떻게 해야 하나?한국보건사회연구원은 환자 유출을 줄이기 위해서는 지역국립대병원이 지역의 중추적 의료기관 역할을 하도록 지원해야 한다고 평가했습니다.지역 의료계에서도 시간을 다투는 심뇌혈관 질환을 비롯해 지역 종결형 의료를 위해 국립병원을 중심으로 한 최신 의료기기 도입과 인재 양성을 우선 과제로 꼽습니다.지역에서 배출한 우수한 의료 인력이 다른 지역으로 유출되는 것도 줄여야겠지만, 이들을 지도하고 환자들을 직접 진료하는 인재들이 유출되게 둬서는 안 된다고 합니다.지역의 의료 체계 확립은 환자의 의료선택권 보장을 넘어 비효율에 따른 사회적 손실을 줄이기 위해서도 필수 요소로 꼽힙니다.새 정부 들어 의료 개혁 문제가 다시 원점에서 논의되고 있는 가운데 지역 간 의료 불균형과 그에 따른 비용을 줄이기 위한 강력한 정책이 필요해 보입니다.
응급 상황에서는 37.0%가 지역 국립대병원을 선호한다고 했고 지역 종합병원 21.5%, 수도권 상급종합병원 18.8% 순으로 나타났습니다.권역 제한 없어지고 교통 발달로 일일생활권지역 환자 유출은 1998년 권역 진료 의뢰 제도가 없어지고 KTX 등 교통 발달로 급속하게 커진 것으로 파악됩니다.전국 어디든, 물론 가까운 지역만큼은 아니지만, 서울 가는 교통이 편리해졌습니다.불편함이 다소 있더라도 '잘 고친다더라'라는 말에 기대를 가지고 큰 병원으로 향하는 겁니다.지역 의료 어떻게 해야 하나?한국보건사회연구원은 환자 유출을 줄이기 위해서는 지역국립대병원이 지역의 중추적 의료기관 역할을 하도록 지원해야 한다고 평가했습니다.지역 의료계에서도 시간을 다투는 심뇌혈관 질환을 비롯해 지역 종결형 의료를 위해 국립병원을 중심으로 한 최신 의료기기 도입과 인재 양성을 우선 과제로 꼽습니다.지역에서 배출한 우수한 의료 인력이 다른 지역으로 유출되는 것도 줄여야겠지만, 이들을 지도하고 환자들을 직접 진료하는 인재들이 유출되게 둬서는 안 된다고 합니다.지역의 의료 체계 확립은 환자의 의료선택권 보장을 넘어 비효율에 따른 사회적 손실을 줄이기 위해서도 필수 요소로 꼽힙니다.새 정부 들어 의료 개혁 문제가 다시 원점에서 논의되고 있는 가운데 지역 간 의료 불균형과 그에 따른 비용을 줄이기 위한 강력한 정책이 필요해 보입니다.
권역 제한 없어지고 교통 발달로 일일생활권지역 환자 유출은 1998년 권역 진료 의뢰 제도가 없어지고 KTX 등 교통 발달로 급속하게 커진 것으로 파악됩니다.전국 어디든, 물론 가까운 지역만큼은 아니지만, 서울 가는 교통이 편리해졌습니다.불편함이 다소 있더라도 '잘 고친다더라'라는 말에 기대를 가지고 큰 병원으로 향하는 겁니다.지역 의료 어떻게 해야 하나?한국보건사회연구원은 환자 유출을 줄이기 위해서는 지역국립대병원이 지역의 중추적 의료기관 역할을 하도록 지원해야 한다고 평가했습니다.지역 의료계에서도 시간을 다투는 심뇌혈관 질환을 비롯해 지역 종결형 의료를 위해 국립병원을 중심으로 한 최신 의료기기 도입과 인재 양성을 우선 과제로 꼽습니다.지역에서 배출한 우수한 의료 인력이 다른 지역으로 유출되는 것도 줄여야겠지만, 이들을 지도하고 환자들을 직접 진료하는 인재들이 유출되게 둬서는 안 된다고 합니다.지역의 의료 체계 확립은 환자의 의료선택권 보장을 넘어 비효율에 따른 사회적 손실을 줄이기 위해서도 필수 요소로 꼽힙니다.새 정부 들어 의료 개혁 문제가 다시 원점에서 논의되고 있는 가운데 지역 간 의료 불균형과 그에 따른 비용을 줄이기 위한 강력한 정책이 필요해 보입니다.
전국 어디든, 물론 가까운 지역만큼은 아니지만, 서울 가는 교통이 편리해졌습니다.불편함이 다소 있더라도 '잘 고친다더라'라는 말에 기대를 가지고 큰 병원으로 향하는 겁니다.지역 의료 어떻게 해야 하나?한국보건사회연구원은 환자 유출을 줄이기 위해서는 지역국립대병원이 지역의 중추적 의료기관 역할을 하도록 지원해야 한다고 평가했습니다.지역 의료계에서도 시간을 다투는 심뇌혈관 질환을 비롯해 지역 종결형 의료를 위해 국립병원을 중심으로 한 최신 의료기기 도입과 인재 양성을 우선 과제로 꼽습니다.지역에서 배출한 우수한 의료 인력이 다른 지역으로 유출되는 것도 줄여야겠지만, 이들을 지도하고 환자들을 직접 진료하는 인재들이 유출되게 둬서는 안 된다고 합니다.지역의 의료 체계 확립은 환자의 의료선택권 보장을 넘어 비효율에 따른 사회적 손실을 줄이기 위해서도 필수 요소로 꼽힙니다.새 정부 들어 의료 개혁 문제가 다시 원점에서 논의되고 있는 가운데 지역 간 의료 불균형과 그에 따른 비용을 줄이기 위한 강력한 정책이 필요해 보입니다.
불편함이 다소 있더라도 '잘 고친다더라'라는 말에 기대를 가지고 큰 병원으로 향하는 겁니다.지역 의료 어떻게 해야 하나?한국보건사회연구원은 환자 유출을 줄이기 위해서는 지역국립대병원이 지역의 중추적 의료기관 역할을 하도록 지원해야 한다고 평가했습니다.지역 의료계에서도 시간을 다투는 심뇌혈관 질환을 비롯해 지역 종결형 의료를 위해 국립병원을 중심으로 한 최신 의료기기 도입과 인재 양성을 우선 과제로 꼽습니다.지역에서 배출한 우수한 의료 인력이 다른 지역으로 유출되는 것도 줄여야겠지만, 이들을 지도하고 환자들을 직접 진료하는 인재들이 유출되게 둬서는 안 된다고 합니다.지역의 의료 체계 확립은 환자의 의료선택권 보장을 넘어 비효율에 따른 사회적 손실을 줄이기 위해서도 필수 요소로 꼽힙니다.새 정부 들어 의료 개혁 문제가 다시 원점에서 논의되고 있는 가운데 지역 간 의료 불균형과 그에 따른 비용을 줄이기 위한 강력한 정책이 필요해 보입니다.
지역 의료 어떻게 해야 하나?한국보건사회연구원은 환자 유출을 줄이기 위해서는 지역국립대병원이 지역의 중추적 의료기관 역할을 하도록 지원해야 한다고 평가했습니다.지역 의료계에서도 시간을 다투는 심뇌혈관 질환을 비롯해 지역 종결형 의료를 위해 국립병원을 중심으로 한 최신 의료기기 도입과 인재 양성을 우선 과제로 꼽습니다.지역에서 배출한 우수한 의료 인력이 다른 지역으로 유출되는 것도 줄여야겠지만, 이들을 지도하고 환자들을 직접 진료하는 인재들이 유출되게 둬서는 안 된다고 합니다.지역의 의료 체계 확립은 환자의 의료선택권 보장을 넘어 비효율에 따른 사회적 손실을 줄이기 위해서도 필수 요소로 꼽힙니다.새 정부 들어 의료 개혁 문제가 다시 원점에서 논의되고 있는 가운데 지역 간 의료 불균형과 그에 따른 비용을 줄이기 위한 강력한 정책이 필요해 보입니다.
지역 의료계에서도 시간을 다투는 심뇌혈관 질환을 비롯해 지역 종결형 의료를 위해 국립병원을 중심으로 한 최신 의료기기 도입과 인재 양성을 우선 과제로 꼽습니다.지역에서 배출한 우수한 의료 인력이 다른 지역으로 유출되는 것도 줄여야겠지만, 이들을 지도하고 환자들을 직접 진료하는 인재들이 유출되게 둬서는 안 된다고 합니다.지역의 의료 체계 확립은 환자의 의료선택권 보장을 넘어 비효율에 따른 사회적 손실을 줄이기 위해서도 필수 요소로 꼽힙니다.새 정부 들어 의료 개혁 문제가 다시 원점에서 논의되고 있는 가운데 지역 간 의료 불균형과 그에 따른 비용을 줄이기 위한 강력한 정책이 필요해 보입니다.
지역에서 배출한 우수한 의료 인력이 다른 지역으로 유출되는 것도 줄여야겠지만, 이들을 지도하고 환자들을 직접 진료하는 인재들이 유출되게 둬서는 안 된다고 합니다.지역의 의료 체계 확립은 환자의 의료선택권 보장을 넘어 비효율에 따른 사회적 손실을 줄이기 위해서도 필수 요소로 꼽힙니다.새 정부 들어 의료 개혁 문제가 다시 원점에서 논의되고 있는 가운데 지역 간 의료 불균형과 그에 따른 비용을 줄이기 위한 강력한 정책이 필요해 보입니다.
지역의 의료 체계 확립은 환자의 의료선택권 보장을 넘어 비효율에 따른 사회적 손실을 줄이기 위해서도 필수 요소로 꼽힙니다.새 정부 들어 의료 개혁 문제가 다시 원점에서 논의되고 있는 가운데 지역 간 의료 불균형과 그에 따른 비용을 줄이기 위한 강력한 정책이 필요해 보입니다.
새 정부 들어 의료 개혁 문제가 다시 원점에서 논의되고 있는 가운데 지역 간 의료 불균형과 그에 따른 비용을 줄이기 위한 강력한 정책이 필요해 보입니다.",https://dgmbc.com/article/tCPc4iuLwGM7kwwopnrkz
"정동혁 경기도의원 5분 발언, &quot;청년이 쓰러지면 미래도 없다&quot;",2025-06-28 15:34:00,김장수,"이재명 정부 첫 금융위원장·금감원장에 누가 거론되나 [겜포인트] ""내 마음대로"" 로스트아크 모바일 '초개인화' 시대 취향저격 한국 게임업계가 푸는 AI·IP 활용썰… ""변화 없으면 게임도 죽어"" 이재명 대통령, 여야 지도부 오찬…야당 ""총리 후보자 교체"" 요구 제주항공 12·29 참사 수사 확대…관제·시설·조류 대응 책임자 24명 입건 금융당국 자회사형 GA 규제 강화…실효성에는 의문 ""요양시설 인력난"", 외국인 유학생이 해답될까?",https://www.pointdaily.co.kr/news/articleView.html?idxno=255219
"한림대, 등교육 에듀테크 소프트랩 컨소시엄 대학-실증기업 매칭데이 성...",2025-06-28 15:34:00,중앙이코노미뉴스,"SPC 제빵 공장 잠입한 공의정 노무사. ""빵이 사람보다 우선인 구조"" 폭로 [창간특집-한국 기업 옥죄는 중국기업들②] 텐센트, 게임에 이어 K팝까지…‘차이나머니’의 조용한 침투 장애인 희롱한 '용인도시공사'…불공정·부실 채용 '도마' [창간특집-한국 기업 옥죄는 중국기업들③] BYD, 기술력 앞세운 무차별 진격에 현대차도 '긴장', 중견3사는 '울상' 국장 역동성 다시 살아나…네이버·카카오·두산에너빌 등 시총 순위 급등 美 트럼프, '금리 갈등' 제롬 파월 연준 의장 교체 시사. “3∼4명 후임자 염두” [마감시황] 한국전력·SK하이닉스·줄기세포 치료제 관련주",https://www.joongangenews.com/news/articleView.html?idxno=430006
"국힘 &quot;상법개정안·노란봉투법, 반기업·반시장적 법안&quot;",2025-06-28 15:33:00,우지수,"[더팩트｜우지수 기자] 국민의힘이 더불어민주당이 추진 중인 상법개정안과 노란봉투법을 두고 강하게 비판했다.
최수진 국민의힘 원내대변인은 28일 논평을 내고 ""이재명 정부와 여당이 집권하자마자 국회에서 반기업적인 법안들을 강행하고 있다""며 ""경제계의 우려가 현실화되고 있다""고 밝혔다.
최 대변인은 ""코스피가 3000포인트를 넘어서며 경제 회생 기대감이 생겼지만 이는 이재명 정부의 공이 아니라 한국 증시에 대한 인식 전환과 대형 기술주의 강세, 외국인 단기매도 금지 해제 등이 원인""이라며 ""트럼프 정부의 관세정책과 중동 리스크, 유럽 경기 침체, 유가 변동성 등 대외 경제위기와 내수 침체로 국민이 체감하는 한국 경제는 훨씬 어렵다""고 지적했다.
이어 ""그런 상황에서도 이 정부는 반기업적·반시장적 법안 추진에만 몰두하고 있다""며 ""상법개정안은 기업 경영권을 침해하고 다중대표소송제 도입 등으로 소송 남발 우려가 있으며, 재계에서도 기업 성장을 저해할 법안이라고 비판하고 있다""고 말했다.
최 대변인은 ""노란봉투법은 불법 파업을 부추기고 대한민국을 파업 공화국으로 만들 우려가 있다""며 ""노조 권한이 무분별하게 확대되면 기업 경쟁력 저하, 투자 위축, 일자리 붕괴로 이어질 수 있다""고 강조했다.
그러면서 ""여기에 민노총 출신의 고용노동부 장관 내정까지 겹쳐 노조 편향적, 포퓰리즘식 정책이 우려된다""며 ""중소·중견 제조업체와 건설업계의 연쇄 부도와 유동성 위기가 심각하다""고 덧붙였다.
최 대변인은 ""대통령 취임으로 샴페인을 터뜨릴 때가 아니다""라며 ""이재명 정부와 민주당은 경제 위기를 외면하지 말고 민생경제·일자리 회복과 산업발전을 위한 규제 혁신에 나서야 한다""고 촉구했다.",https://news.tf.co.kr/read/ptoday/2219137.htm
"구미+신생아집중치료센터, 지방의료 '우수사례'…전국 4대 지자체 선정",2025-06-28 15:32:00,시민,"전체뉴스 많이 본 뉴스 youtube facebook twitter naver 지면보기 구독신청 기사제보 전체서비스 닫기 경북대구바로가기 경북 대구 지방의회바로가기 경북 대구 사회바로가기 사건사고 날씨 노동·복지 환경 교통·항공·항만 법원·경찰 국방 경북·대구 코로나19 속보 정치바로가기 제21대 대선 대통령실 국회·정당 조합장선거 행정·자치 외교 북한·남북 경제바로가기 철강 건설·부동산 소비자·유통 금융·주식 산업·기업 IT·과학 농업·축산·수산업 자동차 문화라이프바로가기 공연·전시 생활 맛집 종교 책 소소한 일상이야기 옛골목은 살아있다 아침시단 운세 TV·연예 영화 칠포재즈페스티벌 도솔세 카툰 문학대전 당선작 청도관광사진전 호미문학대전 스포츠바로가기 축구 야구 농구 골프 생활체육 바둑 교육바로가기 대구 교육청 경북 교육청 대학교 학교 사람들바로가기 새얼굴 인사 알림 결혼 부고 오피니언바로가기 사설 삼촌설 아침광장 데스크칼럼 노트북을 열며 기고 연재칼럼 경북포럼 독자투고 시민기자 뉴콘텐츠바로가기 경북, 한국 정신문화의 창 경북의 맛·멋·풍류 르포-현장에 답이 있다 기획 만나고 싶었습니다 연중기획-지역민 참여 프로젝트 청소년 안전의식 강화 프로그램 사람의 향기 농어업이 미래산업이다 미디어바로가기 포토 경북일보TV 카드·인포그래픽 지면보기 포토코리아바로가기 TK핫이슈바로가기 독자권익위 지면평가바로가기 기자상 수상실적바로가기 모바일 버전",https://www.kyongbuk.co.kr/news/articleView.html?idxno=4045597
"국립목포대, 산업부 지원 '스마트 전력시스템 연계 에너지기술공유 교육...",2025-06-28 15:32:00,중앙이코노미뉴스,"SPC 제빵 공장 잠입한 공의정 노무사. ""빵이 사람보다 우선인 구조"" 폭로 [창간특집-한국 기업 옥죄는 중국기업들②] 텐센트, 게임에 이어 K팝까지…‘차이나머니’의 조용한 침투 장애인 희롱한 '용인도시공사'…불공정·부실 채용 '도마' [창간특집-한국 기업 옥죄는 중국기업들③] BYD, 기술력 앞세운 무차별 진격에 현대차도 '긴장', 중견3사는 '울상' 국장 역동성 다시 살아나…네이버·카카오·두산에너빌 등 시총 순위 급등 美 트럼프, '금리 갈등' 제롬 파월 연준 의장 교체 시사. “3∼4명 후임자 염두” [마감시황] 한국전력·SK하이닉스·줄기세포 치료제 관련주",https://www.joongangenews.com/news/articleView.html?idxno=430009
"강원도, 독일 탄광도시에서 폐광의 새로운 미래 찾았다",2025-06-28 15:32:00,최기영,"◇강원특별자치도 유럽 방문단은 독일 에센에 위치한 파독광부기념회관을 찾아 파독광부협회(재독한인글뤽아우프회·회장:심동간) 회원 30여명과 간담회를 가졌다. 강원특별자치도 유럽 방문단은 27일(독일 현지시간) 폐광지역의 미래 대체산업 육성 방안을 모색하고, 과거 치열했던 파독 광부들의 활동 현장을 직접 살펴보기 위해 독일 대표 탄광지역인 보훔과 에센을 방문했다. 도 방문단은 유럽 최고 권위의 폐광 연구기관인 ‘보훔폐광연구센터’를 찾아 폐광지역 대체산업 육성방안을 주제로 교류회를 가졌다. 보훔 폐광연구센터는 폐광의 지속 가능한 관리와 보존은 물론, 지열에너지 등 폐광에 특화된 대체에너지 개발을 중점적으로 연구하는 세계적인 폐광 전문 기관이다. 보훔 지역이 폐광 이후 신재생 에너지 산업으로 전환한 사례를 현장에서 확인하고 태백 청정메탄올 클러스터, 삼척 중입자 가속기 의료자클러스터 등 강원도 폐광 대체산업 추진 계획을 소개했다. 강원도 폐광 정책 전문 연구기관인 강원연구원 탄광지역발전지원센터와 독일 보훔 폐광연구센터는 폐광지역 발전 전략 수립을 위한 업무협약(MOU)을 체결했다 보훔 폐광연구센터와 강원도 폐광 정책 전문 연구기관인 강원연구원 탄광지역발전지원센터는 이날 업무협약(MOU)도 체결했다. 이번 협약을 통해 보다 과학적이고 체계적인 폐광지역 발전 전략 수립을 위한 공동 연구를 추진한다는 계획이다. 김진태 지사는 이날 강원자치도와 강원일보, 태백 삼척 정선 영월 폐광지역 4개 시·군 등이 함께 개최하는 탄광미래유산포럼 초청장을 보훔폐광연구센터 연구진들에게 전달했다. 또 이날 도 방문단은 독일 에센에 위치한 파독광부기념회관을 찾아 파독광부협회(재독한인글뤽아우프회·회장:심동간) 회원 30여명과 간담회를 가졌다. 글뤽아우프는 “무사히 올라오라”는 뜻의 독일어 인사말로 파독광부들 간 안부 인사로 사용됐다. 도 방문단은 파독 광부들의 역사적 기록과 실제 탄광 도구 등을 둘러보고, 생생한 경험담을 들었다. ◇김진태 강원특별자치도지사가 27일 심동간 재독한인글뤽아우프회장에게 강원일보가 특수제작한 파독광부 특집기사 동판액자를 전달하고 있다. 파독광부들 가운데는 강원 탄광지역 출신이 많은 데다 파견된 7,936명 전원이 독일로 떠나기 전 삼척과 태백에서 광산 업무에 필요한 실습을 받아 강원도와 파독 광부들 간의 인연이 각별하다. 1963년 첫 파독 이후 60주년을 맞은 2023년 파독 광부들은 강원도를 찾아 김진태 지사를 면담하고 식사도 함께했다. 이번 방문에서도 많은 파독광부들이 김 지사와 재회하며 반가움을 전했다. 이러한 인연을 기리기 위해 파독광부들이 태백에서 훈련 후 찍은 사진을 액자로 만들어 기념회관에 전달했다. 창간 80주년을 맞아 석탄산업 유네스코 세계유산 등재를 추진 중인 강원일보는 이날 ‘한강의 기적 일으킨 종잣돈은 독일 막장서 캐낸 1천억’이라는 파독광부 기획기사를 동판으로 특수제작해 파독광부협회에 전달했다. 액자와 동판은 파독광부기념회관에 전시될 예정이다. ◇강원일보 정치부 최기영 기자가 27일 심동간 재독한인글뤽아우프회장에게 강원일보가 특수제작한 파독광부 특집기사 동판액자를 전달하고 있다. 심동간 재독한인글뤽아우프 회장은 “파독 근로자 60주년 행사 때 2박3일 동안 김진태 강원특별자치도지사가 가슴 찡하도록 환대했다”면서 “파독광부, 간호사 기념관을 살펴보신 후 독일에 대한 기억을 남기시길 바란다”고 말했다. 김진태 지사는 “사흘 뒤 삼척 도계광업소가 문을 닫는다. 폐광지역에서 새로운 사업을 어떻게 할 지 모색하기 위해 독일을 찾았다. 태백 삼척에 고속도로가 뚫린다. 7조원이 드는 사업이다. 대체산업을 통한 부흥도 모색하고 있다”며 “영화 국제시장의 주역들인 파독광부와 간호사 분들을 요즘에는 잘 모른다. 강원도 탄광 자체를 유네스코 문화유산으로 등록하려한다. 파독근로자 여러분의 헌신에 감사드린다”고 말헸다. 태백 출신인 문관현 강원도의회 기획행정위원장은 “여러분의 땀과 눈물, 숭고한 노력 덕에 대한민국은 한강의 기적이라는 눈부신 성장할 수 있었고, 오늘날 대한민국이 세계 강국으로 우뚝 설 수 있었다”면서 “태백은 진폐와 산업재해로 고통받고 있는 사람이 많다. 독일에도 있을 것이다. 동료와 가족을 잃은 유가족도 많을 다. 아픔과 상처 치유하기 위해선 국가가 책임있는 예우와 실질적인 지원이 있어야 한다”고 말했다. 독일 에센=최기영기자",https://www.kwnews.co.kr/page/view/2025062813313571853
‘1700% 성과급 폭탄’ 터뜨린 SK하이닉스… ‘돈벼락 잔치’ 언제까지...,2025-06-28 15:32:00,정보없음,"viewer ▲ AI 프리즘* 맞춤형 경제 브리핑* 편집자 주: ‘AI PRISM’(Personalized Report & Insight Summarizing Media)은 한국언론진흥재단의 지원을 받아 개발한 ‘인공지능(AI) 기반 맞춤형 뉴스 추천 및 요약 서비스’입니다. 독자 유형별 맞춤 뉴스 6개를 선별해 제공합니다. SK하이닉스 1700% 성과급 파티 예약 [AI PRISM x D•LOG][주요 이슈 브리핑] 서울경제, AI로 독자 맞춤형 뉴스 시대 연다… ‘AI PRISM’ 시동""정비구역 지정도 6개월 앞당긴다"" 역세권 준주거 종상향 본격화…개포 재건축 마지막 퍼즐 ‘경우현’ 정비구역 지정 [AI 프리즘*부동산 투자자 뉴스]LG전자, 오픈AI와 ‘가전 R&D 혁신‘ 손잡았다…""‘스테이블코인, 규제 병행한 실험적 도입 필요"" [AI 프리즘*기업 CEO]""가계부채 증가분 90% 육박"" ‘규제 무풍지대’ 정책대출…LH, 3기 신도시 청약 과정 오류로 ‘입주자 재선정‘ 실시 [AI 프리즘*신입 직장인 뉴스][자주 묻는 질문]Q. SK하이닉스 주식 지금 사도 될까요?A. 메모리 업황 회복과 HBM 독주로 투자 매력도가 절정에 달했습니다. 올해 35조 원을 훌쩍 넘는 영업이익 전망과 D램 시장 1위 달성으로 실적 폭풍이 가시화되고 있습니다. 하지만 이미 상당한 고공행진을 보인 만큼 단기 숨고르기 가능성을 염두에 두고 분할매수나 일정 수준 하락 시 적극 매수 전략이 현명합니다. 성과급 상한선 1700% 파격 상향은 임직원 사기 진작과 우수 인재 확보에 금상첨화 역할을 해 중장기 경쟁력 강화 엔진으로 작용할 것으로 전망됩니다. 부동산 규제로 어떤 주식이 영향받나요?A. 건설주와 은행주에 혹독한 시련이 예고됩니다. 수도권 주담대 한도 6억 원 칼날과 하반기 가계대출 총량 반토막으로 건설업체들의 분양 여건이 빙하기에 접어들 수 있습니다. 특히 고가 아파트 위주 사업을 벌이는 건설사들이 정면충돌 위기에 내몰릴 전망입니다. 은행권도 대출 총량 옥죄기로 이자 수익 급감이 불가피해 수익성 압박이 숨통을 조여올 것입니다. 반면 현금 자산이 넉넉한 부동산 개발업체나 임대업체는 오히려 기회의 땅에 발을 디딜 수 있는 상황입니다. 자사주 매입주 투자 전략은 어떻게 세워야 하나요?A. 주가 고도에 따른 선별적 저격 전술이 생명입니다. 현재처럼 주가가 구름 위를 나는 상황에서는 자사주 매입 효과가 반쪽짜리에 그치므로 주가 조정 시 매입을 재개할 가능성이 농후한 기업에 조준경을 맞춰야 합니다. 밸류업 정책 참여 기업 중 TSR(총주주수익률) 목표를 선명하게 내건 회사들과 현금 보유가 탄탄한 기업들이 승부처입니다. 특히 주가가 상대적으로 바닥권에 웅크린 구간에서 자사주 매입을 단행할 수 있는 기업들의 투자 매력도가 급상승할 것으로 내다봅니다. [주식투자자 핵심 체크포인트]✓ SK하이닉스 성과 추적: HBM 매출 비중 30% 돌파 여부와 D램 현물가 10% 이상 상승 지속성 점검, 35조 원 영업익 달성률 분기별 모니터링 필수✓ 부동산 관련주 리스크 차단: 건설주와 은행주 비중 30% 이하로 축소 검토, 고가 아파트 위주 건설사(현대건설, GS건설 등) 1순위 매도 대상 선별✓ 자사주 매입주 타이밍 포착: 밸류업 참여 기업 중 현금 5000억 원 이상 보유하고 TSR 15% 이상 목표 제시 종목 우선순위 리스트 작성✓ 미국 관세 리스크 헤지: 자동차부품·가전·반도체 장비 업체 대미 수출 의존도 50% 이상 기업들의 현지 생산 비중과 대체 시장 확보 능력 사전 분석[키워드 TOP 5]메모리 반도체 돌풍, 부동산 대출 옥죄기, 자사주 매입 딜레마, 미국 관세 공세, 밸류업 정책 가속, AI PRISM, AI 프리즘 viewer 2025년 6월28일(토) 1면 언박싱 [ON AIR 서울경제]",https://www.sedaily.com/NewsView/2GU8ZWVYCW
"박지헌 의원, 청주의료원 체불 대책 마련 의원 간담회 개최",2025-06-28 15:30:00,김지혁 기자,"유심 교체 원하지 않는 SK텔레콤 이용자, 교체 수요에서 제외될 듯 LG디스플레이, ‘이재명 정부 1호’ 복귀 기업···中 접고 국내 7천억 투자 트럼프發 흔들리는 파운드리···TSMC ‘불안’ 삼성전자 ‘미소’ SK하이닉스, 성과급 1500% 지급···노조, 임금 8. 25% 인상 요구 李정부 에너지 대전환 가동···신재생 ‘직진’ 원전은 ‘우클릭’ ‘넷제로’ 시대···에어버스·보잉이 만들 신형 여객기는? 李 “2030년까지 보급률 50%”···전기차 전환 빨라진다",http://www.enewstoday.co.kr/news/articleView.html?idxno=2296199
&quot;착한 가격에는 착한 지원이 필요합니다&quot;,2025-06-28 15:30:00,박수진 기자,"[속보] 당진시-현대제철, 자사고·종합병원 MOU 6월 25일 체결 현대제철 자사고·종합병원 25일 MOU체결. 넘어야 할 산은? 2025년 당진 합덕 연꽃축제 개최. 27~29일까지 3일간 당진시, 도민체전 ‘종합 4위’로 순위 뒷걸음 18년만에 첫발 뗀 현대제철 종합병원·자사고 설립 “일자리에 따라 지역소멸이냐, 아니냐가 갈린다” 당진시 박병선·고동주 과장 4급 승진",http://www.idjnews.kr/news/articleView.html?idxno=210693
‘관세 폭탄’ 한국 기업 덮쳤다… 車부품 수출 22% 급감에 반도체까지...,2025-06-28 15:29:00,정보없음,"viewer ▲ AI 프리즘* 맞춤형 경제 브리핑* 편집자 주: ‘AI PRISM’(Personalized Report & Insight Summarizing Media)은 한국언론진흥재단의 지원을 받아 개발한 ‘인공지능(AI) 기반 맞춤형 뉴스 추천 및 요약 서비스’입니다. 독자 유형별 맞춤 뉴스 6개를 선별해 제공합니다. 관세폭탄에 車부품 22% 폭락, 샤오미는 3분 완판 [AI PRISM x D•LOG][주요 이슈 브리핑] ""정비구역 지정도 6개월 앞당긴다"" 역세권 준주거 종상향 본격화…개포 재건축 마지막 퍼즐 ‘경우현’ 정비구역 지정 [AI 프리즘*부동산 투자자 뉴스]LG전자, 오픈AI와 ‘가전 R&D 혁신‘ 손잡았다…""‘스테이블코인, 규제 병행한 실험적 도입 필요"" [AI 프리즘*기업 CEO]""가계부채 증가분 90% 육박"" ‘규제 무풍지대’ 정책대출…LH, 3기 신도시 청약 과정 오류로 ‘입주자 재선정‘ 실시 [AI 프리즘*신입 직장인 뉴스]""국산 양자컴 개발에 8년간 6454억원 투입""…삼성SDS ""AI 에이전트 시대 이끈다"" [AI 프리즘*스타트업 창업자 뉴스]- 핵심 요약: 더불어민주당이 국회 본회의를 단독 개최해 예산결산특별위원장과 법제사법위원장 등 공석인 상임위원장 4개를 선임했다. 또한 7월 4일까지 추가경정예산안과 상법 개정안, 노란봉투법 등 쟁점 법안을 강행 처리하겠다는 의지를 드러냈다. 윤석열 전 대통령이 거부권을 행사했던 법안과 여야 공통 공약법안 등 총 40건을 중점 처리 법안으로 선정해 속도전을 예고한 셈이다. 국민의힘은 대여 투쟁에 총력을 기울이겠다며 강력 반발하고 있어 정국이 급격히 경색될 전망이다. 김병기 민주당 원내대표는 “지금은 민생 회복의 골든타임이다”며 단독 처리의 당위성을 강조했다. [자주 묻는 질문]Q. 미국 관세 확대에 지금 당장 어떻게 대응해야 하나요?A. 대미 수출 품목별 관세 부과 가능성을 즉시 점검하고 대체 시장 확보가 최우선입니다. 현재 자동차 부품이 25% 관세 대상이고 반도체·의약품 등도 조사 중인 만큼 추가 품목 결정을 대비해 공급망 다변화와 현지 생산 확대를 검토해야 합니다. 이에 따라 상호관세 유예 시한 연장 여부가 불투명한 상황에서 최악의 시나리오까지 고려한 다단계 대응 전략을 준비하되 현금흐름 관리와 원가 절감을 통해 관세 충격을 최소화하는 것이 중요합니다. 중국 전기차 기업들의 급성장에 어떻게 대응해야 할까요?A. 기술력과 가격 경쟁력을 동시에 확보한 중국 업체들과의 차별화 전략이 핵심입니다. 샤오미 YU7처럼 IT 기술과 자동차가 융합된 제품이 시장을 주도하고 있어 소프트웨어 역량 강화와 사용자 경험 혁신이 필요합니다. 또한 중국 내수 시장에서 신에너지차 비중이 50%를 넘어서고 중국 브랜드 점유율이 65. 5%에 달하는 만큼 글로벌 시장에서도 중국 업체들의 영향력이 확대될 것을 전제로 한 포지셔닝 전략을 수립해야 합니다. 신성장동력 발굴을 위해 우주항공 산업 진출을 고려해야 하나요?A. 기존 사업 부진 극복과 미래 성장동력 확보 차원에서 검토할 가치가 충분합니다. LG그룹이 2032년 달 착륙 목표를 공개하며 우주산업 진출 의지를 표명한 것은 전자·통신·배터리 등 기존 기술력을 새로운 분야로 확장하는 전략으로 볼 수 있습니다. 이에 따라 우주항공청의 기업친화적 환경 조성 의지와 정부 지원 정책을 고려할 때 초기 진입 비용과 리스크를 분담할 수 있는 기회가 있으며 장기적으로는 6G 통신, 위성 서비스, 우주 제조업 등 새로운 시장 창출 가능성도 기대됩니다. 한편 LG그룹이 이미 우주 스타트업과 함께 달 탐사 로버 주행 테스트를 성공시키는 등 실질적 성과를 보이고 있어 기술 개발 기간과 투자 규모를 신중히 검토해 단계적 접근이 필요한 상황입니다. [경영진 핵심 체크포인트]✓ 관세 리스크 분석: 대미 수출 품목별 관세 부과 가능성 점검, 대체 시장 확보 및 현지 생산 확대 검토✓ 중국 전기차 경쟁 대응: 기술력·가격 경쟁력 벤치마킹, 차별화 전략 수립 및 시장 포지셔닝 재점검✓ 분기별 정책 리스크 모니터링: 국정 운영 변화에 따른 규제 환경 추적, 상법·노동법 개정 영향 분석[키워드 TOP 5]미국 관세 확대, 자동차부품 수출 타격, 중국 전기차 급성장, 신성장동력 발굴, 우주항공 진출, AI PRISM, AI 프리즘 viewer =",https://www.sedaily.com/NewsView/2GU90GXV55
"이재명 정부 협상팀 &quot;관세협상, 제조업 르네상스 파트너십 기회로 만들...",2025-06-28 15:29:00,이상은,"이상은 기자 기자 구독 입력2025. 28 15:28 수정2025. 28 15:28 글자크기 조절 기사 스크랩 기사 스크랩 공유 공유 댓글 0 댓글 클린뷰 클린뷰 프린트 프린트 ""국가별로 다른 관세율 적용될 듯. '자동유예' 확실치 않아"" ""협상에 선의로 임하고 있다는 점 강조"" 이재명 대통령 취임 후 첫 한미 관세 협상을 진행한 여한구 산업통상자원부 통상교섭본부장이 27일(현지시간) """"라고 말했다. 여 본부장은 이날 워싱턴DC 주미한국대사관에서 열린 기자간담회에서 ""이번 협상은 단순한 관세 협상이 아니라 향후 한미 간 협력의 틀을 새롭게 구축할 제조업 르네상스 파트너십의 기회""라고 강조했다. 또 ""미국의 관세조치로 인해 그동안 한미 양국이 쌓아온 협력 모멘텀이 약화되지 않도록 미측과 치열하게 협의해 당면한 위기를 기회로 만들어 나가겠다""고 밝혔다. 여 본부장은 이번 방미 기간 동안 하워드 러트닉 미국 상무장관, 더그 버검 내무부 장관 겸 에너지위원회 위원장, 제이미슨 그리어 미국 무역대표부(USTR) 대표, 마이크 존슨 하원의장, 토드 영 상원의원, 빌 해거티 상원의원, 영 킴 하원의원 등을 만났다. 박정성 산업통상자원부 무역투자실장을 실무 대표로 지난 24일부터 26일까지 진행된 3차 한미 기술협의도 지원했다. 그는 ""방미기간 총 30여회 미팅을 하면서 각계각층 정관재계 주요 인사들과 아웃리치를 했다""면서 ""이를 통해 전방위적으로 새정부 국정철학과 전략, 또 한미통상협상에서 상호호혜적인 합의를 만들겠다는 선의와 의지를 알렸다""고 말했다. 이날 간담회에서는 주요 사안별로 협상 진행 현황이 일부 소개됐다. 앞서 스콧 베선트 미국 재무장관이 7월8일까지인 90일 유예기간을 연장할 가능성을 언급한 것과 관련해 정부 고위관계자는 ""미국 정부 내에서도 (타임라인에 대한) 혼란이 있는 것을 확인했다""면서 ""지금까지의 패턴으로 볼 때, 7월8일 마감일이 왔을 때 모든 국가에 자동 유예하면서 협상을 계속할 가능성이 얼마나 있을지 확실하지 않은 상황""이라고 설명했다. 협상이 완료되지 않았는데도 상호관세를 일단 부과하는 것인지에 대해서도 불확실하다는 게 정부의 판단이다. 이 관계자는 ""앞서 협상을 타결했다고 한 나라들도 원론적, 원칙적 타결을 한 것일 뿐 디테일한 협상은 더 진행을 해야 한다""면서 ""선의로 협상에 참여했다고 인정되는 국가에 대해서는 유예하며 협상을 진행하자고 하겠으나 미국이 협상 진행에 어려움을 겪는 국가라면 페널티가 있을 수 있다""고 전했다. 7월8일 이후 관세 유예의 대상, 유예의 형태, 관세율의 범위 등 모든 것이 확정된 것이 없을 뿐만 아니라 미국 내에서도 이에 관한 명확한 신호를 주지 않고 있다는 뜻이다. 이와 관련해 이 관계자는 ""정해진 것은 아무 것도 없다""면서 ""최종 결정은 임박해서 트럼프 대통령이 결정할 것이라고 알고 있다""고 했다. 앞서 4월2일 상호관세 발표 및 각국과의 협상 과정에서 미국 정부는 마지막까지 모든 사항을 매우 유동적으로 불확실하게 유지하다가 트럼프 대통령의 판단에 의존해 최종 내용을 결정하고 즉각 발표하는 식으로 운영되는 중이다. 이 관계자는 ""미국 측에서 먼저 (의제를) 제기하기도 하고 우리가 먼저 하는 것도 있다""면서 ""수십 번째 서로의 의견을 교환하고 있다""고 설명했다. 특히 지난 3일간 진행한 기술협의는 ""치열한 양방향 협상이자 협의였다""고 했다. 앞서 트럼프 대통령은 국가별로 관세율을 적은 서한을 발송하겠다고 언급했으나 ""한국은 서한을 받은 적 없다""고 이 관계자는 밝혔다. 우리나라의 비관세 장벽으로 미국이 지목하고 있는 쇠고기 수입대상 확대나 쌀 등 농산물 시장 개방에 대해 이 관계자는 ""민감한 부분이 있다""면서 일방적으로 받아들이기는 어렵다는 취지로 답변했다. ""협상은 우선순위가 있는 것이고 모든 것을 (양쪽 모두) 반영할 수 없는 것이기 때문에 우선순위, 정치적 민감성 등을 감안해 협상하는 중""이라고 덧붙였다. 자동차, 철강, 반도체, 의약품 등 무역확장법 232조에 의한 품목별 관세와 관련해 우리 정부는 이번 협상 과정에서 ""최대한 없애야 한다""고 주장하고 있다. 그는 ""자동차 철강 등은 우리 주력산업이고 우리 기업들이 미국에 투자를 많이 함으로써 미국 경제에 실질적으로 기여하고 있기 때문에 협상을 통해 232조 대상을 최대한 없애는 것이 한국의 새 정부에 매우 중요하다는 점을 여러 번 강조했다""고 소개했다. 알래스카 액화천연가스(LNG) 개발에 관해 미국 측은 한국 협상팀에 다시 한 번 참여를 당부한 것으로 알려졌다. 이 관계자는 ""대만과 태국은 (알래스카 LNG 생산 프로젝트에 참여할 생각이 있다는) 의향서(LOI)를 제출했고 진전이 되는 것 같다""고 했다. 이어 ""미국에서 여러 에너지 프로젝트가 있지만 특정 프로젝트를 거론하면서 우선순위를 두는 것은 이것 하나라는 말을 들었다""고 했다. ""상업성 등에 관해 명확하지 않은 부분은 있지만 미국에서는 프로젝트가 진전을 보이고 있다""면서 ""우리도 협의를 강화하면서 선의의 협력을 이어갈 수 있도록 노력하겠다""고 그는 설명했다. 핵심광물 관련 협력을 강화하자는 논의도 있었다. 그는 ""과거 요소수 사태 등을 통해서 전략적 접근, 국제협력의 중요성을 잘 알고 있다. 주요 상호관계가 일치하는 분야에 대해서 협력할 수 있는 광물과 기술 연구개발에 관해 새 정부와 논의를 강화할 예정""이라고 말했다. 미국 상무부는 최근 삼성전자와 SK하이닉스, 대만 TSMC에 이들의 중국 공장에 대한 미국산 반도체 장비 반출을 제한할 수 있다는 방침을 전달했다. '검증된 최종 사용자(VEU·Verified End-User, VEU)' 제도를 폐지하겠다는 취지다. 이 관계자는 ""한국 기업들이 우려를 가지고 있고 미국 기업들도 우려가 많다고 전했으며, 갑작스러운 정책 변화는 글로벌 공급망에 혼란을 일으키고 한국 뿐만 아니라 글로벌 시장이 불안정해질 가능성이 있다는 점을 강조했다""고 했다. 미국은 이에 대해 ""잘 인지하고 있다고 답했고, (기업들의 의견을) 들어보겠다고 했다""고 그는 전했다. 한국은 미국과 자유무역협정(FTA)을 체결한 지 13년째 되는 나라인데도 불공정한 상호관세를 부과받은 점에 대해 미국 오피니언 리더들과 의회에서는 수긍하는 반응이 많다고 그는 전했다. 또 너무 과도한 관세 조치가 경제에 부담을 준다고 여기는 의원들도 적지 않았다는 후문이다. 그러나 ""이런 원론적인 차원의 토론보다는 상호 호혜적인 딜 메이킹을 하는 것에 초점을 두고 있다""는 것이 정부의 입장이다. 인공지능(AI) 관련 투자가 미국에서 한국으로 이뤄질 수도 있다면서 그는 일방적으로 한국에서 미국으로 양보하는 것만을 논의하는 것은 아니라고 했다. 그는 ""관세 투자 구매 등을 포함하는 전체적인 (양국) 협력과 제조업 재건에 대한 패키지를 만들어 가고 있다면서 ""미국과의 제조업 파트너십은 한국이 비교우위를 가지는 분야인 만큼 이 분야에서 서로 도움이 되는 결론을 끌어내려 노력할 것""이라고 했다. 워싱턴=이상은 특파원 selee@hankyung. com 좋아요 싫어요 후속기사 원해요 ⓒ 한경닷컴, 무단전재 및 재배포 금지 한국경제 구독신청 모바일한경 보기 ADVERTISEMENT 관련 뉴스 1 글로벌 최저한세 '휴지조각' 되나…베선트 ""美 기업 제외 G7과 합의""[이상은의 워싱턴나우] 미국 정부가 구글 애플 메타 등 미국 기업들을 글로벌 최저한세 협약에서 제외해 달라고 주요 7개국(G7)에 요청해 합의를 이끌어냈다고 밝혔다. 이 협약은 매출 규모가 큰 글로벌 기업에 대해 세계 각국이 최저. 2 상호관세 시한 열흘 앞으로…백악관 ""연장 가능성"" 도널드 트럼프 미국 대통령이 설정한 상호관세의 유예기간 만료(7월8일)가 열흘 앞으로 다가온 가운데, 백악관. 3 美기업에 글로벌 최저한세 적용 않기로. 베센트 재무장관, 보복세 철회요청 [HK영상] 스콧 베선트 미국 재무부 장관이 26일(현지시간) 글로벌 최저한세를 미국 기업에 적용하지 않기로 주요 7개국(G7) 간 합의했다고 밝혔다. 엑스(X, 구 트위터)를 통해G7 국가 간에 미국. ADVERTISEMENT 많이 본 뉴스 1 유시민, '국무총리 지명설'에 입 열었다…""공직 의향 있냐고"" 2 ""10억을 당장 어디서 구해요""…마·강·동까지 '날벼락' 3 '사학연금' 하나 믿고 있었는데…선생님들 '어쩌나' 4 ""매달 30만원씩 준대요""…2030에 인기 폭발한 '자격증' 5 한국서 무섭게 팔더니 돌변…'이 주식 사자' 쓸어담은 외국인 ADVERTISEMENT 이 시각 관심정보 AD ADVERTISEMENT ADVERTISEMENT",https://www.hankyung.com/article/202506285430i
"[한반도 리뷰] 북, 전원회의 후에도 메시지 안 낸 이유는？",2025-06-28 15:28:00,책임,"AD ■ 진행 : 이여진 앵커 ■ 출연 : 이호령 한국국방연구원 안보전략센터 책임연구위원 * 아래 텍스트는 실제 방송 내용과 차이가 있을 수 있으니 보다 정확한 내용은 방송으로 확인하시기 바랍니다. 인용 시 [YTN 뉴스] 명시해주시기 바랍니다. [앵커] 북한 문제와 한반도 외교 안보 뉴스를 심층 분석하는 '한반도 리뷰' 시간입니다. 오늘은 한국국방연구원 안보전략센터 책임연구위원이신 이호령 박사님 나오셨습니다. 박사님, 북한이 지난 21일부터 사흘 동안 당 전원회의를 열었습니다. 우리나라와 미국의 새 정부 출범 이후에 처음 열린 거라서 관심이 많았는데 아직 별다른 얘기가 나오고 있지 않습니다. [이호령] 이례적으로 북한이 2021년에 8차 당 대회를 한 이후 보통 상반기, 하반기에 이렇게 전원회의를 하는데요. 총 12차례의 전원회의를 이번에 한 건데. 보면 12차례 전원회의 중 가장 내용이 없었던 전원회의라고 볼 수 있습니다. 즉 내용은 있었지만 내용 발표가 없었던 거죠. 김정은의 연설이 있었다고 하지만 그전에는 김정은의 연설 중 일부는 그래도 어떤 내용이 있었다고 발표를 했었는데 그 부분에 대해서도 전혀 언급이 없었어요. 그런데 우리가 주목해서 봐야 될 점 중의 하나는 앞서 앵커님께서도 말씀하셨듯이 우리가 정부가 바뀐 것도 있지만 전원회의가 21일에서 23일에 있었는데 그전에 어떤 일이 있었는지가 굉장히 중요한 포인트가 될 것 같아요. 6월 13일에 이스라엘의 이란의 공격이 있었고요. 그다음에 6월 17일에 쇼이구 안보수장이 북한의 평양에 올해는 세 차례 방문하게 됩니다. 그래서 세 차례 방문에, 17일에 방문을 하고 나서 6000명의 추가 파병 이야기를 하게 되는 거죠. 그러고 나서 6월 19일에 러북 간에 신조약을 체결한 지 1주년이 되는 거고요. 그리고 나서 22일에 미국이 이란의 핵시설을 포격을 했었죠. 그런데 이런 점들이 북한이 전원회의가 보면 사실상 9차 당대회를 앞둔 마지막 전원회의가 될 수가 있는데 보통 9차 당대회를 앞둔 마지막 전원회의에서는 지난 5년간의 업적 평가라든지 그다음에 추가적으로 달성해야 될 내용 부분이 나와야 되는데 여기에 대한 언급이 거의 없었다는 점을 봤을 때는 국제정세의 빠른 변화가 북한 당국에 미치는 어떻게 보면 불안감, 여기에 대해서 어떻게 대처해야 될 것인지, 이런 부분에 대한 논의는 했지만 이걸 밖으로 밝히지는 않지 않았나라는 생각이 듭니다. [앵커] 그러면 앞에 가장 최근에 열렸던 지난해 말 전원회의 결과가 올해 초에 발표되지 않았습니까? 그때 향후 대외 전략으로 최강경 대미 대응 전략은 천명을 했지만 대남 문제에 대해서는 언급이 없었거든요. 지금 남북 적대적 두 국가 선언 이후에 대남 무시 전략을 이어오는 것 같은데 이런 기조가 언제까지 이어질 것으로 보십니까? [이호령] 사실상 2023년도 12월에 했던 제9차 전원회의 때는 앞서 말씀하신 대로 남북 간에 적대적인 두 국가 관계를 이야기를 했고, 작년 1월에 시정연설을 통해서 통일이라는 부분을 전부 다 삭제를 해라. 그리고 적대적인 2개의 국가 관계를 이야기를 한 만큼 영토전 부분을 강조를 했어요. 그리고 나서 작년 연말 11차 전원회의 때는 다시 미국에 대한 최강경정책을 이야기했고 이번에 상반기 보통 전원회의에 대해서는 작년 전원회의를 통해서 제시한 계획 부분의 중간평가에 해당하는 것으로 어느 정도 이행됐는지에 대한 부분에 대한 설명이 나오기 때문에 대남이라든지 대외정책과 관련된 발언들은 보통 없습니다. 그런데 이번에는 그런 모든 전반적인 내용을 다루고 있지 않다는 점에서 사실상 상당 부분의 내용은 다뤘겠지만 발표하지 않은 점에서 봤을 때 이런 정세와 관련돼서 계속해서 전략적인 셈법을 하고 있지 않나라는 생각이 듭니다. 그런 측면에서 생각을 해봤을 때 대남 기조라든지 대미 기조와 관련해서는 기본적으로 9차 전원회의 때 발표했던 그 내용의 기조를 계속해서 가져갈 가능성이 높다고 봐야겠죠. [앵커] 미국과 우리나라 다 정권이 바뀌었는데도 계속해서 똑같은 기조를 이어갈 거라는 겁니까? [이호령] 그렇죠. 적대시 정책 강화 부분이 계속 가져갈 수밖에 없는 이유 중의 하나가 북한은 이러한 국내 문제라든지 대외 환경의 급속한 변화 문제라든지 이런 것을 해결할 수 있는 주요 전략적 파트너를 러시아로 잡았기 때문에 러시아와의 관계 속에서 이런 문제를 풀어가는 데 있어서는 사실상 한국이나 미국이 주요 전략적인 고려사항이 되지 않는다라는 거죠. [앵커] 이런 가운데 북한 강원도 원산에 대규모 해안관광지구 원산갈마지구죠, 공사를 마무리한 소식을 대대적으로 북한이 도보를 했더라고요. 공사가 10여 년 만에 끝났는데 원산갈마해안관광지구가 어떤 곳입니까? [이호령] 갈마반도라는 그 지역에 명사십리가 굉장히 유명한데 그 지역을 중심으로 해서 관광지구를 만들겠다, 관광문화복합지구를 만들겠다라고 해서 이 계획은 2014년부터 시작이 됐다고 볼 수 있어요. 그래서 2019년을 목표로 진행해왔었는데 사실상 대북제재로 인해서 자재 수급에 문제가 있었고, 또 코로나19를 거치면서 목표 시한이 계속해서 지연이 됐었던 거죠. 그래서 7차 당대회 때 주요 성과로 갈마해안관광지구를 만들려고 했던 게 지연이 되면서 8차 당대회의 주요 성과로 올해 지난 5년간의 주요 업적의 하나로서 갈마해안관광지구를 부각시키는 거라고 볼 수가 있겠죠. 그러니까 계획부터 지금까지 완성까지는 11년 정도 걸렸다고 봐야 되겠죠. [앵커] 북한 매체가 선전한 내용을 보면 이곳에 2만 명이 묵을 수 있는 숙박시설을 갖췄다고 합니다. 북한 주민 2만 명이 방문을 한 것 같지 않고 해외 관광객을 겨냥한 게 아닌가 싶은데 이게 제2의 금강산관광지구처럼 될 수도 있는 겁니까? [이호령] 지금 보면 2만 명의 숙박시설을 갖췄다고 하고, 7월 1일부터는 북한 주민들에게 그 부분을 열고 7월 중순부터는 러시아 측의 관광객들을 받아들이겠다라고 하는데. 사실상 북한이 그쪽 지역까지 가는 인프라가 잘 갖춰져 있지 않다는 점에서 과연 그 많은 관광객들이 그 시설을 이용할 것인가에 대해서는 여전히 퀘스천이 남아 있다라고 볼 수가 있고요. 결국에는 그 지역이 활성화가 됐을 경우에 현금의 문제가 대북제재와 관련돼서 이 부분이 어떻게 될 것인가에 대한 퀘스천이 남는 거라고 볼 수 있죠. [앵커] 그러면 혹시 금강산관광처럼 이곳을 기반으로 우리 측과 대화에 나설 수 있을까요? [이호령] 단기적으로는 그럴 가능성은 거의 없다고 보여지고요. 중장기적으로 봤을 때는 그렇게 대규모 시설을 만들었는데 관광객이 국내 관광객, 북한 내부의 관광객과 중국과 러시아의 관광객이 충분히 그 지역에 와서 투자 대비 수입금을 창출하지 못한다면 그 부분과 관련돼서 대화를 제시해올 가능성은 배제할 수는 없겠죠. [앵커] 북한의 관광산업이 대북제재 대상이 아닌 것으로 알고 있습니다. 올해 4월에는 국제마라톤대회도 열렸었는데 문제는 2013년 3차 핵실험에 대한 대응으로 결의된 유엔대북제재 결의안 제2094호, 이 결의안이 북한으로 대량의 현금을 보내는 것을 금지하고 있는데 이것도 관광비용은 제외되는 걸까요? [이호령] 우리가 북한이랑 금강산 관광 사업을 했을 때는 그 돈을 전체적으로 모아서 지불을 했었던 거죠. 그러다 보니까 벌크캐시가 들어가는 거죠. 개별 관광객들이 한 사람 한 사람이 가서 가서 돈을 쓰는 거는 대북제재에 위배되지는 않지만 그것이 단체적으로 조직적으로 관광을 가서 그 돈이 벌크캐시가 돼서 들어가면 대북제재에 위반사항이 될 수도 있기 때문에 그런 부분은 굉장히 조심해서 접근할 필요가 있다고 봐야겠죠. [앵커] 이번 원산갈마지구 준공식에 김정은 위원장 가족이 총출동했더라고요. 부인 리설주가 1년 반 만에 공개활동에 나섰는데 유명한 브랜드 가방도 메고 나와서 화제가 됐었고. 너무 오랫동안 안 보여서 출산을 한 것 아니냐, 여러 가지 설들이 있었는데 어떻게 보셨어요? [이호령] 보니까 작년 1월 1일에 나오고 그리고 나서 지금 처음 나온 건데, 사진이 굉장히 많이 찍혀서 나온 걸 보면 상대적으로 모든 것의 초점이 딸한테 초점이 맞춰져 있고 부인에 대한 사진은 김정은과 투샷으로 찍힌 사진은 거의 없어요. 그런 것으로 봤을 때 퍼스트 레이디로서의 위치로서의 리설주의 등장이라기보다는 저기가 관광지구다 보니까 가족이라는 측면에서의 보여주기 위해서 부인 리설주가 등장한 게 아닌가. 사실상 김주애를 부각을 시키기 위해서 리설주의 등장이라고 봐야겠죠. [앵커] 뒷모습만 보면 누가 엄마이고 딸인지 잘 분간이 안 갈 정도로 많이 딸 주애가 컸더라고요. 지금 계속해서 후계자 이미지 만들기가 진행 중인 것 아니냐 이런 관측이 나오는데. 박사님이 보시기에 딸 주애가 후계자 맞습니까? [이호령] 지금 보면 후계자 수업과 후계자 구축하기 위한 노력들이 그동안 굉장히 체계적으로 진행되어 왔다는 점을 알 수 있어요. 보면 공교롭게도 김주애가 등장하는 게 2022년이에요. 우크라이나 전쟁이 있고 난 뒤부터 김주애가 등장하면서 김주애가 처음에 어느 곳을 방문을 했느냐 보면 핵, 미사일, 그다음에 군사연습하는 군 분야 쪽에 김주애의 공개 활동이 시작돼서 그다음에 군수공장, 우주 그리고 나서 그다음에는 경제 분야, 건설 분야에 등장을 하고 올해 외교 대사관에 김주애가 등장을 하고 종합적인 문화관광지에 있어서 사실상 모든 전 분야에 김주애를 데리고 다니면서 후계자 구도를 구축해 나가는 그런 모습을 보여주고 있다라는 점을 알 수가 있죠. [앵커] 그런가 하면 정동영 통일부 장관 후보자가 통일부의 명칭을 변경하는 것도 적극 검토하겠다, 이렇게 밝히면서 논란이 일고 있는데 박사님은 어떻게 보고 계십니까? [이호령] 왜 그런 말씀이 나왔느냐를 보면 결국에는 평화가 굉장히 중요하다라는 부분을 강조를 하다 보니까 통일부의 명칭 변경 부분도 고려해볼 필요가 있지 않느냐라는 점을 부각을 시킨 것 같아요. 그런데 결국에는 사실상 남북 간의 통일, 그리고 통일부가 그동안 해 왔던 업무를 보면 통일까지 가는 과정이 우리가 무력통일이 아니지 않습니까? 평화통일을 구축해나가고 그러한 평화통일을 구축해 가는 데 있어서 남북 간에 교류협력, 평화 관계를 구축해 가는 그런 과정을 전부 다 사실상 통일부에서 해왔거든요. 그런데 평화와 통일을 이분법적으로 접근해서 지금은 당장 평화체제 구축이 더 중요하다 보니 명칭을 바꿔야 된다라는 점에서는 논란이 일 것 같아요. 그리고 더군다나 북한이 적대적인 두 국가 관계를 이야기하고 난 다음에 우리가 통일부라는 어떻게 보면 헌법 4조에서도 대통령이 평화통일과 관련된 정책을 계속해서 발전시켜야 된다는 임무까지 주어져 있는 이 상황에서 통일부의 명칭을 바꾼다는 거는 잘못된 시그널을 줄 수 있다. 북한한테도 잘못된 시그널을 줄 뿐만 아니라 국민들에게도 그러면 지금 정부는 통일 포기인가라는 잘못된 인식을 줄 수 있기 때문에 여기에 대해서도 굉장히 신중한 접근이 필요하다라고 보여집니다. [앵커] 그런가 하면 64년 만에 민간 출신인 안규백 의원이 국방부 장관 후보자로 지명이 됐는데 군 내부적으로는 어떤 변화가 있을 것으로 보시는지요? [이호령] 가장 중요한 게 문민통제가 필요하다라는 부분이 이야기가 되면서 역대 정부들은 보면 문민통제를 위해서 민간인의 공무원을 국방부에 많이 숫자를 늘려야 된다라는 데 초점을 뒀지만 실질적인 수장에 해당되는 부분에 대해서는 계속해서 역대 군장성 출신들을 국방부 장관을 해왔었던 거죠. 그런데 문민통제의 가장 핵심이라고 할 수 있는 민간인을 국방부 장관에 했다는 점에서 굉장히 의미가 있고요. 그다음에 어떤 변화가 있을까 본다면 앞서 말씀드렸듯이 단순히 민간인이 공무원인 그런 문민통제 시대가 아니라 대통령의 말씀도 그렇고 또 후보자의 말씀도 그렇고 어떤 얘기를 하냐 하면 제복 입은 시민이다라는 부분을 강조를 하거든요. 문민통제에 대한 그런 의식이 군인한테도 필요하다는 점을 부각을 시킨 점을 봤을 때 이 부분과 관련된 변화가 있지 않을까라는 생각이 듭니다. [앵커] 그런가 하면 안규백 국방부 장관 후보자가 이재명 대통령의 공약이기도 했죠, 9. 19 군사합의 복원을 서두르지 않겠다, 이렇게 밝히면서 민간 차원의 남북교류부터 추진해야 한다, 이렇게 밝혔는데 어떤 것들이 있을 수 있을까요? [이호령] 일단 9. 19 군사합의를 바로 복원하느냐 하지 않느냐가 중요한 게 아닌 거죠. 결국 그것에 대한 원점 재검토를 하겠다. 원점 재검토를 하는 과정에서 국방부 차원에서는 북한과의 평화를 만들어가고 구축해가는 과정에 있어서 어떻게 대비태세를 잘 구축해야 되느냐 플러스 거기를 위한 분위기 조성은 어떻게 보면 국방부뿐만 아니라 다른 부처에서도 같이 해야겠죠. 통일부에서도 같이 해야 되고. 그런 부분이 어느 정도 성숙한 단계에 이르렀을 때 그때도 9. 19 군사합의라든지 이런 문제에서 발전시키고 수정시킬 수 있는 부분이 있다면 그런 분야로 발전시켜나가겠다라는 그런 맥락이 아닌가라는 생각이 듭니다. [앵커] 오늘 한반도 리뷰는 여기까지 듣겠습니다. 이호령 박사님이었습니다. ※ '당신의 제보가 뉴스가 됩니다' [카카오톡] YTN 검색해 채널 추가 [전화] 02-398-8585 [메일] social@ytn. kr[ ] 정치 기사목록 전체보기 국민의힘 ""권오을, 13억 재산에도 선거보전비 2. 7억 미반환"" 국민의힘 ""대통령은 협치 코스프레, 여당은 일당 독재"" 박찬대, 5·18 묘역 참배. ""민주당 자부심 돌려드릴 것"" 국민의힘 ""대통령, 대장동 몰랐다면 무능",https://www.ytn.co.kr/_ln/0101_202506281528059890
“부동산 대출 문 닫혔다”…디딤돌·신생아특례도 축소 서울 부동산 집...,2025-06-28 15:27:00,정보없음,"viewer 프리즘06 금융상품 투자자 썸네일▲ AI 프리즘* 맞춤형 경제 브리핑* 편집자 주: ‘AI PRISM’(Personalized Report & Insight Summarizing Media)은 한국언론진흥재단의 지원을 받아 개발한 ‘인공지능(AI) 기반 맞춤형 뉴스 추천 및 요약 서비스’입니다. 독자 유형별 맞춤 뉴스 6개를 선별해 제공합니다. 정책대출 25% 감축에 금융지주 17조 실적 [AI PRISM x D•LOG][주요 이슈 브리핑] 서울시 청년가구 중 60% ""나 혼자 산다""…한은 “디딤돌 대출에도 DSR 적용해야” [AI 프리즘*신입 직장인 뉴스]""정비구역 지정도 6개월 앞당긴다"" 역세권 준주거 종상향 본격화…개포 재건축 마지막 퍼즐 ‘경우현’ 정비구역 지정 [AI 프리즘*부동산 투자자 뉴스]LG전자, 오픈AI와 ‘가전 R&D 혁신‘ 손잡았다…""‘스테이블코인, 규제 병행한 실험적 도입 필요"" [AI 프리즘*기업 CEO]""가계부채 증가분 90% 육박"" ‘규제 무풍지대’ 정책대출…LH, 3기 신도시 청약 과정 오류로 ‘입주자 재선정‘ 실시 [AI 프리즘*신입 직장인 뉴스][자주 묻는 질문]Q. 수도권에서 집을 사려면 대출을 얼마까지 받을 수 있나요?A. 수도권 주담대 한도가 6억 원으로 제한됩니다. 정부가 개인 대출 한도를 이렇게 일괄적으로 정한 것은 처음으로, 다주택자는 대출이 아예 막히고 대출 받고도 6개월 안에 이사하지 않으면 대출금을 회수당합니다. 서울 외곽 지역도 15억 원 수준인 현실에서 대출 없이 집값을 마련하기 어려운 중산층과 저소득층에게는 큰 타격이 될 것으로 예상되며, 현금을 얼마나 확보했느냐가 부동산 투자의 핵심이 되고 있습니다. 신혼부부나 신생아 가정의 정책대출 한도는 얼마나 줄었나요?A. 신생아 특례 디딤돌대출이 5억 원에서 4억 원으로 1억 원 삭감됐습니다. 신혼부부 디딤돌대출은 4억 원에서 3억 2000만 원으로, 버팀목대출은 수도권 기준 3억 원에서 2억 5000만 원으로 축소됩니다. 정책대출이 올해 5월까지 13조 7000억 원이나 폭증해서 전체 가계대출이 늘어난 돈의 90%를 차지하면서 집값을 끌어올리는 요인이 됐다는 지적 때문입니다. 그러나 저출생 대책과 정면으로 어긋난다는 지적도 나오고 있는 상황입니다. 은행 대출 받기가 더 어려워지나요?A. 가계대출 총량이 50% 줄어들면서 대출 받기가 훨씬 어려워집니다. 5대 은행 할당량이 하반기 기준 4조 원에서 2조 원으로 반토막 나면서 각 은행은 월 1000억 원씩만 대출을 늘릴 수 있게 됐습니다. 명목 GDP 성장률에 맞춰 가계대출을 관리하는데 성장률 전망이 크게 낮아진 상황에서 미리 조치를 취한 것입니다. 실제로 일일 한도 제한 때문에 은행 문이 열리자마자 대출 한도가 동나는 ‘오픈런’ 현상이 더욱 심해질 것으로 예상되며, 대출 신청 타이밍이 매우 중요해졌습니다. [금융상품 투자자 핵심 체크포인트]✓ 부동산 투자 전략 전면 재검토: 수도권 주담대 6억 원 상한제와 다주택자 대출 금지로 현금 비중 대폭 확대 필수✓ 대출 신청 타이밍 정밀 계획: 은행별 일일 한도 제한 심화로 '오픈런' 대비한 사전 준비와 복수 은행 동시 접촉 전략 수립✓ 신혼부부·신생아 가정 정책대출 한도 재확인: 최대 1억 원 축소된 새로운 한도 기준으로 자금 조달 계획 전면 재수립✓ 현금 유동성 확보 전략 강화: 대출 제한으로 브릿지론·전세자금대출 등 대안 상품과 단기 자금 조달 방안 사전 검토✓ 금융사 대출 여력 실시간 모니터링: 각 은행별 월 1,000억 원 할당량으로 대출 가능 시기 및 조건 변화 수시 점검[키워드 TOP 5]주담대 규제, 정책대출 축소, 가계대출 총량, 부동산 대책, 대출 한도, AI PRISM, AI 프리즘 viewer 2025년 6월28일(토) 1면 언박싱 [ON AIR 서울경제]",https://www.sedaily.com/NewsView/2GU90Y7JTH
"'여름 다보스' 논쟁...중국 위안화, 달러 패권에 도전할 준비 되었나?",2025-06-28 15:26:00,이코노믹,"트럼프 관세, 달러 신뢰 약화시키지만… 전문가들 ""위안화 국제화, 갈 길 멀다"" 中 '자본 통제'가 발목… 제도적 틀 강화, 법치·중앙은행 독립성 확보 '선결 과제' '여름 다보스' 논쟁. 중국 위안화, 달러 패권에 도전할 준비 되었나?이미지 확대보기도널드 트럼프 미국 대통령이 2025년 6월 21일 미국 워싱턴 D. 백악관에서 마르코 루비오 국무장관과 함께 대국민 연설을 하고 있다. 사진=로이터 워싱턴의 '해방의 날' 관세 부과 여파로 미국 달러에 대한 전 세계의 신뢰가 약화하면서, 이른바 '여름 다보스'로 불리는 세계 경제 포럼 연례 회의에서는 중국 위안화가 세계 지배적인 통화인 달러에 도전할 수 있는 신뢰할 수 있는 대안으로 부상할 수 있을지에 대한 치열한 논쟁이 벌어졌다고 27(현지시각) 사우스차이나모닝포스트(SCMP)가 보도했다. 아시아 소사이어티 정책 연구소의 다이애나 초일레바 중국 경제 선임 연구원은 도널드 트럼프 미국 대통령이 동맹국과 적대국 모두에게 부과한 대대적인 '상호 관세'가 ""세계 기축 통화로서 달러의 역할을 감소시키는 과정의 또 다른 단계""를 의미한다고 분석했다. 초일레바 연구원은 다른 국가들, 특히 중국이 미국 통화에 전적으로 의존하는 것을 꺼리고 있으며, 디지털 화폐, 스테이블코인, 대체 글로벌 결제 시스템의 부상, 그리고 워싱턴의 경제 관리 부실로 인해 달러의 지위가 점점 더 위협받고 있다고 지적했다. 실제로 주요 통화 바스켓에 대한 달러 가치의 강세를 추적하는 미국 달러 인덱스는 지난 26일 2022년 3월 이후 최저치인 97 아래로 떨어졌다. 달러에 대한 의구심이 커지는 가운데, 초일레바 연구원은 위안화가 유로화에 비해 더 유망한 대안이 될 수 있다고 평가하며, ""중국은 위안화를 중심에 둔 별도의 금융 영향권을 만들기 위해 적극적으로 노력하고 있다""고 밝혔다. 그러나 코넬 대학교의 에스와르 프라사드 교수는 중국이 공개적으로든 교묘하게든 '자본 통제'를 계속 유지하고 있는 것이 위안화의 국제화를 지연시키는 주요 원인이라고 반박했다. 프라사드 교수는 같은 패널에서 ""중국이 명목상으로는 채권 시장과 주식 시장 모두를 국제 투자자들에게 개방한 것은 사실이지만, 문제는 정부가 자본 통제를 지속적으로 해제할 수 있을 만큼 충분한 신뢰가 있느냐는 것""이라고 지적했다. 그는 달러에 성공적으로 도전하기 위해서는 중국이 '견제와 균형, 법치, 독립적인 중앙은행'을 포함하여 미국에 필적하는 더 강력한 제도적 틀을 구축해야 한다고 주장했다. 프라사드 교수는 ""이는 국내외 투자자의 신뢰에 매우 중요하다""며 ""미국은 제도적 틀의 힘을 잃어가고 있지만, 국제 금융에서 매우 중요한 것은 완벽함의 모범이 될 필요가 없다는 것이다. 더 나은 조합이 필요하고, 미국이 테이블에 가져오는 조합은 여전히 도전하기가 매우 어렵다""고 덧붙였다. 글로벌 무역 결제에서 위안화의 사용이 증가하기는 했지만, 패널들은 위안화가 세계 최고의 기축 통화로서 미국 달러의 역할에 필적하는 것과는 거리가 멀다는 데 동의했다. 컬럼비아 대학교의 제프리 프리든 국제 및 공공 문제 및 정치학 교수는 유로화가 위안화보다 더 심각한 경쟁자라고 평가했다. 프리든 교수는 ""통화 당국, 중앙은행, 기업 부문이 보유하게 될 통화로서 [유로화]는 민간 부문과 공공 부문이 실제로 보유하는 합법적인 자산 공급원에 훨씬 더 가깝다""고 설명했다. 그는 만약 달러의 시장 가치가 하락한다면, 그 촉매제는 거의 확실하게 미국 경제 정책에 대한 모순과 의문이 될 것이라고 덧붙였다. 프리든 교수는 ""달러의 역할이 국내적으로 미치는 영향과 그것이 국제적으로 미치는 영향에 대한 트럼프 행정부의 입장 사이에는 약간의 모순이 있다""며, 달러 강세를 유지하면서 재산업화를 촉진하고자 하는 워싱턴의 열망을 언급했다. 그는 ""이러한 모순이 커지기 때문에 해결되지 않을 수도 있다. 그래서 나는 미국 달러의 지배적인 역할은 미국이 스스로 잃는 것이라고 생각한다""고 말했다. 미국 달러의 미래 위상에 대한 질문에도 불구하고, 패널들은 홍콩의 달러 페그 시스템이 그대로 유지되어야 한다는 데 동의했다. 그들은 ""달러 페그제를 끝내는 것은 베이징이나 홍콩의 이익에 부합하지 않는다""며 ""사실 중국은 이제 위안화의 국제화를 돕기 위해 홍콩과 홍콩의 역외 시스템을 이용할 필요가 있다는 것을 깨닫고 있기 때문""이라고 지적했다. '여름 다보스'의 논쟁은 트럼프 행정부의 정책이 달러의 장기적인 지위에 영향을 미칠 수 있음을 시사하지만, 위안화가 진정한 글로벌 기축 통화로 부상하기 위해서는 여전히 중국의 자본 통제 완화와 제도적 신뢰 구축이라는 과제를 해결해야 함을 강조했다. 신민철 글로벌이코노믹 기자 shincm@g-enews",http://www.g-enews.com/ko-kr/news/article/news_all/2025062815224291190c8c1c064d_1/article.html
"합천군, 민선 8기 3주년 성과 정리",2025-06-28 15:25:00,정보없음,"부산 브니엘예술고 학생 3명 극단적 선택. 한국 최초 상업용 원전, 고리 1호기 해체 승인 임박 속초가볼만한곳 울산바위부터 외옹치항까지 [정하룡 칼럼]'지니어스 법안'은 '화폐개혁2. 0' 국민의힘 포항 남구 도·시의원들, 불빛축제 취소 사태에 ""뿔났다!"" [폴리-한길리서치①] 김민석 총리 임명 '찬성' 54. 장관 인사 '잘한다' 60. 2% 대한항공-아시아나 마일리지 통합, 역차별 금지가 중심 돼야",https://www.polinews.co.kr/news/articleView.html?idxno=699134
"[기획] SK그룹 [3부] 2009~2015| SK C&amp;C–SK㈜ 합병, 지배구조 승부수",2025-06-28 15:24:00,정보없음,"이 기획 시리즈는 1998년 SK그룹 총수의 회장직 승계를 시작으로, 2025년 유심 해킹 사건에 이르기까지 약 20여 년간 이어진 SK그룹의 지배력 강화 전략과 관련 이슈들을 7편의 기사로 구성해 분석한다. 이를 통해 한국 자본주의의 구조적 과제와 기업지배구조의 한계를 되짚고자 한다. 2009년 SK C&C의 상장이 마무리된 이후, SK그룹은 본격적인 지배구조 개편 작업에 착수했다. 그 중심에는 SK C&C와 SK㈜ 간의 관계 재편이 있었다. 당시 SK C&C는 총수 일가가 약 49%의 지분을 보유하고 있었고, 최태원 회장이 31. 8%, 최재원 수석부회장이 11. 2%를 보유하는 등 오너일가의 영향력이 강하게 유지되는 구조였다. SK C&C는 SK㈜의 2대 주주로 자리하고 있었고, SK㈜는 SK텔레콤, SK이노베이션, SK하이닉스, SK E&S 등 주요 계열사를 보유한 사실상의 지주회사 역할을 하고 있었다. SK그룹의 당시 지배구조는 SK C&C → SK㈜ → 주요 계열사로 이어지는 이른바 ‘중간지주–지주회사–자회사’ 구조였다. 이는 총수 일가가 비교적 적은 지분으로 그룹 전체에 대한 실질적인 지배력을 유지할 수 있는 구조로 분석된다. 하지만 이러한 구조는 금융당국과 자본시장 전문가들 사이에서 순환출자 문제, 내부거래 의존도, 이중 지배력 구조 등의 비효율성 문제로 지속적인 지적을 받아왔다. 특히 2011년 정부가 공정거래법 개정을 통해 순환출자 해소 및 지주회사 행위제한을 강화하는 방향으로 정책을 예고하면서, SK그룹은 지배구조 단순화 방안을 본격적으로 검토하게 된다. 그 결과, 2015년 8월 SK C&C와 SK㈜ 간 합병이 단행됐다. 당시 합병비율은 SK C&C 1 : SK㈜ 0. 74로 결정됐으며, SK C&C의 합병가액은 23만5,073원, SK㈜는 17만3,193원으로 산정되었다. 이 합병비율은 시장 일각에서 논란이 되었다. SK C&C의 주요 매출이 그룹 계열사와의 내부거래에서 발생한 반면, SK㈜는 실질적 지주회사로서 다양한 자산과 투자 포트폴리오를 보유하고 있었기 때문이다. 일부 투자자들과 언론에서는, SK㈜가 상대적으로 더 높은 자산 가치와 실적 기반을 갖고 있음에도 SK C&C의 가치가 더 높게 책정된 점에 대해, 총수 일가가 보유한 SK C&C 지분을 활용해 SK㈜에 대한 지배권을 강화하려는 목적이 반영된 것 아니냐는 해석을 내놓기도 했다. 합병은 법적으로 문제 없이 진행되었고, 존속법인은 SK㈜로 유지되었지만, 시장에선 이 합병이 실질적으로 SK C&C가 주체가 된 ‘역합병(Reverse Merger)’ 형태였다는 평가도 나왔다. 합병 직후 총수 일가는 SK㈜의 최대주주로 부상했으며, 우호지분을 포함한 실질적 지배력은 40%를 넘어섰다. 이로 인해 SK그룹은 SK하이닉스, SK이노베이션 등 주요 계열사에 대한 통제력을 보다 공고히 하게 되었고, SK㈜가 향후 대규모 투자와 인수합병을 주도하는 플랫폼이 되었다는 분석이 제기됐다. 다만, 합병 전후 주가 흐름을 둘러싼 논란도 있었다. 합병 발표 전 수개월 간 SK C&C의 주가는 상승세를 나타낸 반면, SK㈜는 비교적 정체되거나 하락했다. 이와 관련해 일부 투자자들은 ‘사전 정보 유출’ 또는 ‘의도적 주가 관리’ 가능성을 제기했지만, 금융당국의 조사에서는 명백한 위법 사항은 발견되지 않았다. 그러나 당시 의혹 제기만으로도 자본시장 신뢰에 일정 부분 영향을 미쳤다는 지적이 있었다. 또한, 이 합병은 오너일가의 지배력 강화를 위한 중요한 전환점으로 평가된다. SK C&C의 상장 당시 확보한 자금과 내부거래를 통한 수익은 합병 전 오너일가의 자산 가치 상승에 기여했고, 합병 이후에는 그룹 전체에 대한 지배권 확립의 기초가 되었다는 해석도 있다. 일부 전문가들은 SK C&C–SK㈜ 합병이 삼성물산–제일모직 합병과 유사한 구조를 보였다고 분석한다. 비상장 계열사의 가치를 내부거래로 증대시킨 뒤 상장 및 합병을 통해 지배력을 강화하는 방식이 유사하다는 지적이다. 특히 SK그룹의 경우 외부 반대세력이 거의 없었던 만큼, 제도적 미비점을 드러낸 대표적 사례로 평가되기도 했다. 이후 SK그룹은 해당 합병을 기반으로 다수의 인수합병 및 구조조정을 단행했다. 반도체, 에너지, 바이오 분야에서의 공격적인 확장 전략 역시 SK㈜가 중심이 되었으며, 이는 SK C&C와의 재무 통합으로 인해 가능해졌다는 분석이 존재한다. 또한, 합병 과정에서 발생한 자사주는 오너일가의 지배력 유지에 활용되었고, 이후 SK실트론 등의 인수 사례에서도 유사한 전략이 반복되었다. 이는 다음 편에서 다룰 SK실트론 관련 지분 인수 논란과도 연결된다. 다음 4부에서는 SK실트론의 인수 과정에서 불거진 편법 논란과 자사주 전략의 반복 사용 사례를 중심으로, SK그룹의 지배력 유지 방식에 대해 살펴본다",https://www.livesnews.com/news/article.html?no=51970
李정부 초대 산업부장관은? …우태희·정승일·이언주 등 거론,2025-06-28 15:22:00,김병훈 기자,"정치 李대통령 취임 후 첫 지지율 64%…역대 비교 중상[한국갤럽] 국민 10명 중 6명 이상이 이재명 대통령이 직무수행을 '잘하고 있다'고 평가했다는 여론조사 결과가 27일 나왔다. 한국갤럽이 지난 24∼26일 전국 만 18세 이상 1천4명을 대상. 북한 북한 리설주, 1년 반 만에 공개 행보 이유는? ""앞으로 딸 주애가 자주 등장할 것으로 보인다. 부인 리설주가 모처럼 나타났는데 종종 동행할 수도 있다. 그렇게 되면 김정은을 지키는 수호천사가 한명 더 느는 셈이다. 국제 트럼프 ""이스라엘-이란, 완전 휴전 합의"" 도널드 트럼프 미국 대통령은 23일(현지시간) 이스라엘과 이란이 12일간 진행해온 무력충돌과 관련, 양국이 '완전하고 전면적인' 휴전에 합의했다고 밝혔다. 트럼프 대통령은 이날 사회. 정치 국방 안규백·통일 정동영·외교 조현…11개 부처 장관 인선 이재명 대통령은 23일 11개 부처 및 국무조정실장(장관급) 등 내각 인선을 단행했다. 강훈식 대통령 비서실장은 이날 용산 대통령실에서 브리핑을 열고 이 대통령이 11개 부처 장관. 정치 민주 당대표, 정청래·박찬대 2파전 본격화…최종 승자는? 더불어민주당의 차기 당 대표 자리를 놓고 정청래 의원과 박찬대 의원의 '친명 양자대결' 구도가 펼쳐질 전망이다. 정 의원은 지난 15일 당 대표 출마를 공식 선언하고 지역을 훑으며. 정치 李대통령, 나토회의 불참…내막은? 이재명 대통령이 24∼25일(현지시간) 네덜란드 헤이그에서 열릴 예정인 북대서양조약기구(NATO·나토) 정상회의에 참석하지 않기로 했다. 강유정 대통령실 대변인은 22일 서면브리핑에. 국제 트럼프, 이란 핵시설 파괴 성공?…이란 '지상만"" 미국이 21일(현지시각) 이란의 핵시설 3곳에 대한 폭격이 성공했느냐 여부는 향후 중동 사태에 큰 영향을 미친다. 이란의 핵무장 여지를 남겨두냐, 아니면 재기 불가능하게 되느냐가. 지금 뜨는 뉴스 더보기",http://www.koreareport.co.kr/news/articleView.html?idxno=38509
홍복학원 법인 정상화 속도 내나,2025-06-28 15:22:00,박현아,"광주지하철 2호선 공정 차질 상부 도로 개방 또 늦어져 광주 시내버스 파업 장기화 곳곳 아우성 [인사] 광주시교육청 승리한 FC서울도 이의제기…광주FC ‘무자격’ 논란 지속 업무 효율? ‘스마트’ 첫날 장기요양 현장 마비 광주FC 구장, 휠체어 장애인 문전박대 대전 가세…‘광주FC 무자격’ 태클 과반 넘어",http://www.gjdream.com/news/articleView.html?idxno=658867
[인사] 충남 당진시,2025-06-28 15:20:00,최유정,"1 소비쿠폰, '지역화폐 vs 카드' 어떤 걸로 받을까… 실익 따져 보니 2025. 23 16:05 2 로보티즈, 자율주행로봇 사업 분할… LG전자와 휴머노이드 협업 가속 2025. 23 13:41 3 500조 원전해체 시대 열린다…우진엔텍, 숨은 수혜주 급부상 2025. 23 10:55 4 [코스닥 기관] 파마리서치·레인보우로보틱스 집중 매수…실리콘투 대규모 매 2025. 23 16:12 5 구글·페이팔·알리도 눈독…더즌, 빅테크 결제 파트너로 부상 2025. 24 14:15 6 휴림로봇, 지능형 로봇 전 라인업 내재화…B2B 수요 '쑥쑥' 2025",https://www.pinpointnews.co.kr/news/articleView.html?idxno=355238
"유엔, 美·中 기술 경쟁 심화 속 'AI 윤리' 기준 추진",2025-06-28 15:20:00,이코노믹,"유네스코, 세계 최초 AI 윤리 표준 채택 4년 만에 포럼 개최… ""국제적 합의 달성 목표"" 글로벌 AI 기업·美中 정부 불참 속 '남반구' 국가들 참여 유엔, 美·中 기술 경쟁 심화 속 'AI 윤리' 기준 추진이미지 확대보기OpenAI 로고는 2024년 5월 20일에 생성된 이 그림에서 볼 수 있다. 사진=로이터 유엔 산하 기구인 유네스코가 인공지능(AI)이 세상을 빠르게 변화시키는 시기에 AI 윤리 지침을 확립하기 위해 정책 입안자, 비정부 기구, 학계를 규합하고 있다고 27(현지시각) 사우스차이나모닝포스트(SCMP)가 보도했다. 세계 최초이자 현재까지 유일하게 글로벌 AI 윤리 표준을 제정한 유네스코는 이번 주 태국 방콕에서 포럼을 개최하며 권고안 채택을 촉구했다. 하지만 전문가들은 미국과 중국 간의 AI 경쟁이 심화하는 가운데, 이러한 권고 사항이 보편적이고 실행 가능한 프레임워크로 전환되기까지는 아직 갈 길이 멀다고 지적한다. 지난 25일 열린 '제3차 유네스코 인공지능 윤리에 관한 글로벌 포럼' 개막식에서 오드리 아줄레이 유네스코 사무총장은 국제적 해결책 마련을 위한 정부, 기업, 시민사회 간의 협력을 촉구했다. 그녀는 ""유네스코가 제공하고자 하는 것은 AI를 위해 세상을 준비하고, AI가 세계를 위해 준비되며, 공익에 기여할 수 있도록 하는 것""이라고 강조했다. 이러한 메시지는 AI 윤리에 대한 전 세계적인 합의 도출의 희망이 점차 희미해지고 있는 시점에 나왔다. 미국 의회의 양당 의원들이 최근 '딥시크(DeepSeek)'와 같은 중국 연계 AI 도구의 연방 정부 사용을 금지하는 법안을 제출하는 등, 세계 양대 경제 대국 간의 기술 경쟁은 적대감이 심화하는 양상을 보이고 있다. 이번 포럼에는 미국의 오픈AI, 구글부터 중국의 딥시크에 이르기까지 세계 최대 규모의 AI 기업들은 눈에 띄게 불참했다. 그럼에도 불구하고 아시아 태평양, 아프리카, 라틴 아메리카 등 이른바 '남반구' 지역에서 1,000명 이상의 참가자와 35명의 정부 장관이 참석하여 AI 윤리 논의에 대한 높은 관심을 보였다. 태국 디지털경제사회부의 위싯 위싯소라-앗 차관보는 다른 국가들이 AI 세계의 분열에 어떻게 대응할 것이냐는 질문에 미·중 경쟁에서 어느 편도 들지 않을 것이라며, 태국은 자체 AI 생태계를 개발하기 위해 노력할 것이라고 밝혔다. 정치적 압박에 직면해 있는 패통탄 시나왓 태국 총리 역시 영어 연설을 통해 9만 명의 AI 전문가 양성과 AI 인프라에 대한 150억 달러 이상의 지출을 포함한 태국의 AI 개발 목표를 상세히 설명했다. 트럼프 행정부 1기 시절 탈퇴했다가 2023년 다시 가입한 미국 정부 대표단과 중국 정부 대표단이 3일간의 행사에 눈에 띄게 불참한 가운데, 이번 포럼은 말레이시아, 인도네시아, 잠비아, 짐바브웨 등 아세안 지역 및 '남반구' 국가의 정책 입안자들이 AI에 대처하기 위한 우려 사항과 우선순위를 표명할 수 있는 중요한 무대를 제공했다. 유네스코 AI 부서의 이라클리 코델리 윤리 책임자는 인터뷰에서 국가마다 당분간 자체적인 우선순위를 가지고 있으며, 일부는 '보안'을 강조하고 다른 일부는 'AI에 대한 접근'을 목표로 하고 있다고 말했다. 이 모임의 주요 목적은 유엔 기구의 AI 윤리 권고 사항을 실제 정책 조치로 전환하는 데 필요한 도구인 '준비 상태 평가 방법론'에 대해 논의하는 것이었다. 이 평가에는 정부를 대상으로 AI가 토지 및 물 사용에 미치는 영향 등 구체적인 고려 사항을 묻는 설문지가 포함되어 있으며, 70개국 이상이 이 방법론에 참여했다. 코델리 책임자는 이번 행사에 대해 ""이곳은 단순히 대화하는 '토크숍'이 아니라, 회원국들이 실질적인 아이디어를 교환하는 '워크숍'""이라고 강조했다. 이 모임에서 일부 참가자들은 AI 개발에 윤리적 가드레일을 적용하는 데 직면한 어려움을 공개적으로 설명했다. 남아프리카공화국 비영리단체 글로벌 인공지능 거버넌스 센터의 레이첼 애덤스 CEO는 도널드 트럼프 미국 대통령이 미국 국제개발처(USAID)를 폐쇄한 이후 많은 시민사회단체들이 자금 조달에 어려움을 겪고 있다고 말했다. 베이징 인공지능 안전 및 거버넌스 연구소 학장이자 중국과학원 교수인 쩡이(曾毅) 교수는 이날 행사에서 각국이 투명성과 같은 용어에 동의하는 것은 어렵지 않지만, 이를 현장에서 실제 조치로 옮기는 것은 훨씬 더 어렵다고 지적했다. 유네스코는 SCMP의 방콕 행사 방문을 후원했다. 신민철 글로벌이코노믹 기자 shincm@g-enews",http://www.g-enews.com/ko-kr/news/article/news_all/2025062815174121330c8c1c064d_1/article.html
"광산구의회, 297회 정례회 폐회…결산안 등 16건 처리",2025-06-28 15:20:00,고훈석,"광주지하철 2호선 공정 차질 상부 도로 개방 또 늦어져 광주 시내버스 파업 장기화 곳곳 아우성 [인사] 광주시교육청 승리한 FC서울도 이의제기…광주FC ‘무자격’ 논란 지속 업무 효율? ‘스마트’ 첫날 장기요양 현장 마비 광주FC 구장, 휠체어 장애인 문전박대 대전 가세…‘광주FC 무자격’ 태클 과반 넘어",http://www.gjdream.com/news/articleView.html?idxno=658862
[인사] 충북도의회,2025-06-28 15:20:00,최유정,"1 소비쿠폰, '지역화폐 vs 카드' 어떤 걸로 받을까… 실익 따져 보니 2025. 23 16:05 2 로보티즈, 자율주행로봇 사업 분할… LG전자와 휴머노이드 협업 가속 2025. 23 13:41 3 500조 원전해체 시대 열린다…우진엔텍, 숨은 수혜주 급부상 2025. 23 10:55 4 [코스닥 기관] 파마리서치·레인보우로보틱스 집중 매수…실리콘투 대규모 매 2025. 23 16:12 5 구글·페이팔·알리도 눈독…더즌, 빅테크 결제 파트너로 부상 2025. 24 14:15 6 휴림로봇, 지능형 로봇 전 라인업 내재화…B2B 수요 '쑥쑥' 2025",https://www.pinpointnews.co.kr/news/articleView.html?idxno=355239
“이란 40조 민간 투자 논의”… 美 안보 핑계로 관세 다시 건들인다 [A...,2025-06-28 15:19:00,정보없음,"viewer ▲ AI 프리즘*맞춤형 경제 브리핑* 편집자 주 : ‘AI PRISM’(Personalized Report & Insight Summarizing Media)은 한국언론진흥재단의 지원을 받아 개발한 ‘인공지능(AI) 기반 맞춤형 뉴스 추천 및 요약 서비스’입니다. 독자 유형별 맞춤 뉴스 6개를 선별해 제공합니다. 트럼프 관세폭탄 vs 샤오미 완판 신화 [AI PRISM x D•LOG][주요 이슈 브리핑] 정보가 독자를 찾아갑니다 …서울경제, 맞춤형 뉴스 ‘AI 프리즘‘ 서비스서울경제, AI로 독자 맞춤형 뉴스 시대 연다… ‘AI PRISM’ 시동AI가 찾아준 ‘나를 위한 뉴스’… 독자 맞춤형 뉴스 시대 도래""정비구역 지정도 6개월 앞당긴다"" 역세권 준주거 종상향 본격화…개포 재건축 마지막 퍼즐 ‘경우현’ 정비구역 지정 [AI 프리즘*부동산 투자자 뉴스]- 핵심 요약: 안규백 국방부 장관 후보자는 27일 9·19 남북군사합의 복원과 관련해 “지금 바로 복원하는 것보다는 상황과 여건을 조합해보며 최적화시키겠다”고 밝혔다. 그는 평창동계올림픽 때처럼 “먼저 문화와 예술 교류가 있었고, 그 이후에 군사적 문제까지 해결하지 않았느냐”며 민간 차원의 교류가 우선되어야 한다고 강조했다. 북한을 ‘우리의 적이면서 동포’라고 규정하며 멀티트랙으로 다양한 정교한 방법으로 바라볼 수밖에 없다고 설명했다. [자주 묻는 질문 (FAQ)]Q. 중동 갈등 완화가 글로벌 투자에 어떤 영향을 미칠까요?A. 지정학적 리스크 프리미엄이 축소되면서 에너지 가격 안정화와 글로벌 인플레이션 압력 감소 효과를 기대할 수 있습니다. 미국이 이란에 대규모 민간 핵프로그램 투자를 논의하며 중동 갈등 해결을 위한 당근책을 제시하고 있어 원유 시장의 불확실성이 줄어들 전망입니다. 이는 각국 중앙은행의 통화정책 여력을 확대시키고 성장자산에 유리한 환경을 조성할 것으로 예상됩니다. 글로벌 투자자들은 안전자산 비중을 축소하고 신흥국 주식이나 기술주 등 성장자산으로의 자금 이동을 고려해볼 수 있습니다. 미국의 한국 관세 확대가 투자에 미치는 리스크는 무엇인가요?A. 한국의 주력 수출업종이 직접적인 타격을 받으면서 관련 기업들의 수익성 악화가 우려됩니다. 트럼프 정부가 무역확장법 232조를 활용해 자동차 부품과 철강 제품에 각각 25%, 50% 관세를 부과하고 있으며, 반도체와 의약품 등으로 확대할 예정입니다. 실제로 자동차 부품 대미 수출액이 한 달 만에 크게 감소하는 등 실질적 피해가 발생하고 있습니다. 글로벌 투자자들은 한국 수출 의존 기업들에 대한 투자 비중을 조정하고, 미국 현지 생산 능력을 갖춘 기업들이나 내수 중심 기업들로 포트폴리오를 재구성하는 방어적 전략이 필요합니다. 중국 전기차 기업들의 부상이 글로벌 투자에 미치는 영향은 어떤가요?A. 전기차 시장의 패권이 테슬라에서 중국 기업들로 이동하면서 투자 패러다임의 전환이 필요한 시점입니다. 샤오미가 테슬라보다 저렴하면서도 우수한 성능의 전기차를 출시해 폭발적인 반응을 얻었고, 중국 신에너지차의 시장 점유율이 지속적으로 확대되고고 있습니다. 반면 테슬라는 유럽에서 5개월 연속 판매 감소를 기록하며 어려움을 겪고 있습니다. 글로벌 투자자들은 테슬라 중심의 전기차 투자에서 벗어나 BYD, 샤오미, CATL 등 중국 전기차 생태계 전반으로 투자를 다변화하고, 중국 시장 내 전기차 관련 섹터에 대한 관심을 높여야 할 것으로 보입니다. [글로벌 투자자 핵심 체크포인트]✓ 중동 리스크 완화 모니터링: 이란 핵협상 진전 상황 추적, 에너지 가격 안정화에 따른 포트폴리오 조정 검토✓ 한국 관세 리스크 대응: 수출 의존 기업 실적 모니터링, 미국 현지 생산 기업 및 내수 기업 선별 투자 강화✓ 중국 전기차 시장 주도권 변화 대응: 테슬라 의존도 축소, 중국 전기차 생태계 기업 투자 비중 확대 검토[키워드 TOP 5]중동 지정학적리스크, 미국 관세정책, 중국 전기차, 한국 수출기업, 글로벌 투자전략, AI PRISM, AI 프리즘 viewer 2025년 6월28일(토) 1면 언박싱 [ON AIR 서울경제]",https://www.sedaily.com/NewsView/2GU911EV45
[인사] 경기도,2025-06-28 15:18:00,최유정,"1 소비쿠폰, '지역화폐 vs 카드' 어떤 걸로 받을까… 실익 따져 보니 2025. 23 16:05 2 로보티즈, 자율주행로봇 사업 분할… LG전자와 휴머노이드 협업 가속 2025. 23 13:41 3 500조 원전해체 시대 열린다…우진엔텍, 숨은 수혜주 급부상 2025. 23 10:55 4 [코스닥 기관] 파마리서치·레인보우로보틱스 집중 매수…실리콘투 대규모 매 2025. 23 16:12 5 구글·페이팔·알리도 눈독…더즌, 빅테크 결제 파트너로 부상 2025. 24 14:15 6 휴림로봇, 지능형 로봇 전 라인업 내재화…B2B 수요 '쑥쑥' 2025",https://www.pinpointnews.co.kr/news/articleView.html?idxno=355232
"담양군, 민선 8기 공약 최종 확정 앞두고 공약이행평가단 회의 개최",2025-06-28 15:18:00,한정길,"광주지하철 2호선 공정 차질 상부 도로 개방 또 늦어져 광주 시내버스 파업 장기화 곳곳 아우성 [인사] 광주시교육청 승리한 FC서울도 이의제기…광주FC ‘무자격’ 논란 지속 업무 효율? ‘스마트’ 첫날 장기요양 현장 마비 광주FC 구장, 휠체어 장애인 문전박대 대전 가세…‘광주FC 무자격’ 태클 과반 넘어",http://www.gjdream.com/news/articleView.html?idxno=658854
"이재명 정부, 새 민정수석에 봉욱 전 대검 차장 유력 검토",2025-06-28 15:17:00,머니투데이,"봉욱 대검 차장 봉욱 전 대검찰청 차장검사가 대통령실 새 민정수석비서관에 유력 검토되고 있다. 28일 법조계와 정치권에 따르면 대통령실은 스스로 자리에서 물러난 오광수 전 민정수석의 후임 후보군 중 한 명으로 봉 전 차장검사에 대해 막바지 인사 검증 중인 것으로 파악됐다. 봉 전 차장검사는 1965년생으로 서울대 법대를 졸업, 사법연수원 19기다. 이재명 대통령(연수원 18기)보다 한 기수 아래 후배다. 서울지방검찰청 검사로 임관해 수원지검 여주지청, 부산지검 등을 거쳤다. 대검찰청 중앙수사부 첨단범죄수사과장, 기획과장, 공안기획관 등을 지낸 검찰 내 대표적인 '기획통'으로 알려져 있다. 2008년 서울중앙지검 금융조세조사 부장검사 시절 코스닥 작전세력들에 대한 수사를 벌였고 2011년 서울서부지검 차장검사 시절 한화그룹-태광그룹 등 재벌 비자금 수사를 벌인 것으로 유명하다. 봉 전 차장검사는 검찰 내에서 △정책 기획 △검찰 행정 △공안 업무 등 3박자를 모두 갖췄다는 평가를 받았다. 겸손하고 소탈한 성품으로 타부처와도 원만하게 일을 할 뿐 아니라 후배 검사들로부터도 인망이 두터운 것으로 알려져 있다. 2019년 검찰총장 후보군에도 올랐었지만 당시 윤석열 중앙지검이 검찰총장으로 최종 확정되자 대검 차장검사를 끝으로 검사복을 벗었다. 이후 변호사로 개업, 2021년 대한상사중재원 국제중재인을 맡았고 2022년 로펌 '김앤장'에 합류했다. 한편 오광수 전 수석은 부동산 차명 관리 및 차명 대출 의혹이 불거지자 수석 임명 닷새 만에 스스로 자리에서 물러났다. 당시 강유정 대통령실 대변인은 브리핑을 통해 ""이재명 대통령은 공직기강 확립과 인사검증을 담당하는 민정수석의 중요성을 두루 감안해 오 수석의 사임을 받아들였다""며 ""대통령실은 이 대통령의 국정철학과 사법개혁 의지를 이해하고 발 맞춰 갈 인사로 차기 수석을 조속히 임명할 예정""이라고 했다",http://news.mt.co.kr/mtview.php?no=2025062815113274545
“신혼부부·신생아 대출도 죈다”… 강남 3구·마포·성동 ‘직격탄’...,2025-06-28 15:17:00,정보없음,"viewer ▲ AI 프리즘* 맞춤형 경제 브리핑* 편집자 주 : ‘AI PRISM’(Personalized Report & Insight Summarizing Media)은 한국언론진흥재단의 지원을 받아 개발한 ‘인공지능(AI) 기반 맞춤형 뉴스 추천 및 요약 서비스’입니다. 독자 유형별 맞춤 뉴스 6개를 선별해 제공합니다. 신혼부부 대출 1억 삭감에 강남 아파트 40억 돌파! [AI PRISM x D•LOG][주요 이슈 브리핑] 서울경제, AI로 독자 맞춤형 뉴스 시대 연다… ‘AI PRISM’ 시동정보가 독자를 찾아갑니다 …서울경제, 맞춤형 뉴스 ‘AI 프리즘‘ 서비스AI가 찾아준 ‘나를 위한 뉴스’… 독자 맞춤형 뉴스 시대 도래""정비구역 지정도 6개월 앞당긴다"" 역세권 준주거 종상향 본격화…개포 재건축 마지막 퍼즐 ‘경우현’ 정비구역 지정 [AI 프리즘*부동산 투자자 뉴스][자주 묻는 질문 (FAQ)]Q. 정책대출 한도가 줄어든 상황에서 신입 직장인은 어떻게 대응해야 할까요?A. 자기자본 비중을 높이고 다양한 금융상품을 검토셔해 합니다. 디딤돌대출 한도가 축소됐지만 생애최초 특례나 지역별 차등 적용을 활용할 수 있습니다. 정책대출 외에도 시중은행의 청년 전용 상품이나 직장인 우대 대출을 비교 검토하고, 부모 증여나 전세자금 대출 등을 조합한 복합적인 접근이 필요합니다. 주담대 6억원 한도 제한이 신입 직장인에게 미치는 영향은 무엇인가요?A. 고가 지역 진입은 어려워지지만 상대적으로 저렴한 지역의 기회는 늘어납니다. 강남3구나 한강벨트 같은 고가 지역은 현금 보유자 중심으로 재편되면서 신입 직장인에게는 진입 장벽이 높아졌습니다. 대신 외곽 지역이나 경기 접경지역으로 관심을 돌리되, 교통비와 통근 시간을 종합적으로 고려한 분석이 필요합니다. 현장 중심 업무 방식을 개인 업무에 어떻게 적용할 수 있을까요?A. 책상에서 자료로만 판단하지 말고 직접 현장을 확인하는 습관을 기르시길 권합니다. 마포구처럼 현장에서 문제를 파악하고 즉시 해결책을 모색하는 적극적 자세가 중요합니다. 고객이나 협력업체를 직접 만나 생생한 피드백을 수집하고, 데이터나 보고서에서 놓칠 수 있는 실질적 문제점을 발견하세요. 문제 발견 시 관련 부서와 즉시 소통해 신속한 해결 방안을 도출하시면 좋은 평가를 받을 수 있습니다. [신입 직장인 핵심 체크포인트]✓ 정책대출 한도 축소 대응: 자기자본 비중 확대와 다양한 금융상품 비교 검토를 통한 대출 전략 재수립✓ 주거 지역 재검토: 고가 지역 대신 교통 접근성이 좋은 외곽 지역으로 관심 확대 및 실질 비용 분석✓ 전월세 급등 대비: 임차료 상승에 대비한 주거비 예산 여유분 확보 및 계약 갱신 시기 사전 점검[키워드 TOP 5]정책대출 축소, 주담대 한도 제한, 내 집 마련 어려움, 현장 중심 업무, 주거비 부담 증가, AI PRISM, AI 프리즘 viewer 2025년 6월28일(토) 1면 언박싱 [ON AIR 서울경제]",https://www.sedaily.com/NewsView/2GU90F3BJE
새 정부 출범 이후 용산구 시위 급증…주민 불만 폭발적,2025-06-28 15:16:00,신선미 기자,"1 [내일날씨] 전국 대부분 지역 호우특보…수도권 시간당 20mm 안팎 강한 비 2 [속보] 트럼프, 이란에 벙커버스터 투하 3 ""아파트 지하주차장 완속충전기, 충전제어 가능한 충전기로 교체하라"" 4 [공항날씨] 전국 공항 대부분 비…김포·인천 강풍특보, 제주 최대순간풍속 48kt 예상 5 고용노동부 주 4. 5일 근무제 도입…정년 연장·노조법 개정까지 포함 6 [속보] 로또 1177회 당첨번호, '3·43·7·15·19·16'. 보너스 '21' 7 SK하이닉스 주가, 역대 최고치 경신…""25만원 돌파 가능성"" 8 ‘나는 SOLO’ 10기 옥순, 틱톡 에이전시 픽엔터테인먼트와 틱톡 라이브 진출 9 KBS 2TV '생생정보', 생존의 달인에서 제주살이 달인이 된 개그맨 김병만 근황 소개 10 부산 고등학생 3명 사망 사건… 학업 부담과 학교 갈등의 실체는?",https://www.gokorea.kr/news/articleView.html?idxno=831102
‘한국전 참전’ 동성애 운동가 이름 지운 美 국방부…군함 명칭 변경,2025-06-28 15:16:00,김현일,"하비 밀크 이름 떼고 ‘피터슨호’ 명명 1977년 11월 9일 미국 샌프란시스코의 카메라 가게 앞에 앉아 있는 하비 밀크. 1978년 11월 27 총에 맞아 사망했다. [게티이미지] [헤럴드경제=김현일 기자] 미국 국방부가 ‘하비 밀크’라는 이름이 붙었던 군함의 명칭을 교체한다고 27일(현지시간) 밝혔다. AP통신에 따르면 피트 헤그세스 미국 국방부 장관은 하비 밀크호의 명칭을 2차대전 참전 병사 오스카 V. 피터슨의 이름으로 바꾸기로 했다. 하비 밀크는 미국 동성애 인권운동을 상징하는 인물 중 한 명이다. 대학 졸업 후 해군에 입대해 한국전쟁에도 참전했다. 동성애자라는 이유로 해군에서 강제 퇴역당한 그는 이후 동성애자 인권운동에 매진했으며 샌프란시스코 시의원에도 당선됐으나 1978년 암살당했다. 미국 국방부는 2016년 하비 밀크의 인권운동 업적을 기리기 위해 군함에 그의 이름을 붙이기로 결정하고, 2021년 해군 군사해상운송사령부 소속 ‘존 루이스 급(級)’ 급유선 중 한 척을 하비 밀크호로 명명했다. 그러나 미 국방부는 4년 만에 군함에서 하비 밀크라는 이름을 떼내기로 했다. 이같은 명칭 변경은 도널드 트럼프 미국 대통령 행정부의 DEI(다양성·형평성·포용성) 정책 폐기의 일환으로 풀이된다. 2016년 8월 16일 미국 캘리포니아주 샌프란시스코에서 열린 선박 명명식에서 전시된 하비 밀크의 사진. [게티이미지] 트럼프 행정부는 군대를 비롯한 각 분야에서 진보 의제 및 정체성을 삭제하는 이른바 ‘DEI 철폐’를 강도 높게 밀어붙이고 있다. 개빈 뉴섬 캘리포니아 주지사를 비롯한 민주당 인사들은 성소수자 인물들의 공적을 지우려는 부적절한 시도라며 반발했다. 헤그세스 장관은 이날 자신의 소셜미디어(SNS)에 올린 영상에서 “군함의 이름을 짓는 데 있어서 정치적 요소를 제거하고 있다”고 말했다. 그는 “우리는 이 함정을 어떤 정치적인 이름으로 바꾸려는 것이 아니며 이는 정치적 운동가에 관한 일이 아니다”면서 “피터슨의 자기희생 정신과 동료들에 대한 마음은 미 해군의 가장 훌륭한 전통에 부합한다”고 덧붙였다. 피터슨은 2차 세계대전 당시 미 해군 수석 부사관으로 복무한 인물로, 1942년 호주 북동부에서 벌어진 ‘산호해 전투’에 참여했다. 당시 피터슨이 탄 미 군함은 일본군의 공격을 받아 선체 일부가 손상됐는데, 피터슨은 부상 상태에서도 선박의 격실을 차단하는 밸브를 잠가 배가 완전히 가라앉는 것을 막았다. 피터슨은 당시 입은 부상으로 숨졌으며 사후 전과를 인정받아 미군 최고 훈장을 받았다. 미 해군은 1943년 피터슨의 이름을 딴 호위함을 한 척 운영한 바 있으며 이 배는 20년간 복무한 뒤 1965년 퇴역했다. joze@heraldcorp",https://biz.heraldcorp.com/article/10519750?ref=naver
[인사] 경남 거제시,2025-06-28 15:16:00,최유정,"1 소비쿠폰, '지역화폐 vs 카드' 어떤 걸로 받을까… 실익 따져 보니 2025. 23 16:05 2 로보티즈, 자율주행로봇 사업 분할… LG전자와 휴머노이드 협업 가속 2025. 23 13:41 3 500조 원전해체 시대 열린다…우진엔텍, 숨은 수혜주 급부상 2025. 23 10:55 4 [코스닥 기관] 파마리서치·레인보우로보틱스 집중 매수…실리콘투 대규모 매 2025. 23 16:12 5 구글·페이팔·알리도 눈독…더즌, 빅테크 결제 파트너로 부상 2025. 24 14:15 6 휴림로봇, 지능형 로봇 전 라인업 내재화…B2B 수요 '쑥쑥' 2025",https://www.pinpointnews.co.kr/news/articleView.html?idxno=355229
"한전, 100대 협력사와 함께 청렴 실천 선언... 전력산업 공정거래 문화...",2025-06-28 15:16:00,박소진,"기자재·시공 협력사와 최초로 ‘청렴 실천 및 공정계약 이행 공동 선언’ 조달 분야 혁신 방안 발표 및 우수 협력사 3곳에 감사패 수여 =한국전력 제공) [시민일보 = 박소진 기자] 한국전력(이하 한전)이 전력 분야 협력사들과 함께 청렴 실천과 공정거래 문화 확산에 나선다. 한전은 6월 26일(목) 서초구 한전 아트센터에서 100여개 대·중소 협력사들이 참석한 가운데 ‘청렴 실천 선언식 및 조달 정책공유회’를 개최했다. 이번 행사는 전력산업 분야의 공정성과 투명성을 높이고 협력사와의 동반성장을 실현하기 위해 마련되었으며, 한전은 기자재 공급사 및 시공사와는 최초로 ‘청렴 실천 공동 선언’을 선포했다. 청렴 실천 선언식에서는 공정거래와 상생협력의 모범을 보여 온 우수 협력사*에 감사패를 수여하였고, 한전 본사 및 15개 지역본부 계약 담당자들은 청렴 실천을 다짐했다. 김동철 사장과 협력사 관계자들은 ‘청렴 실천 및 공정계약 이행 공동 선언’을 통해 공정한 직무수행을 방해하거나 자유경쟁을 저해하는 일체의 행위를 배격하는 등의 청렴 가치를 적극 실천해 나가기로 했다. * 부원공업(주), ㈜케이피 일렉트릭, 가보 주식회사또한 한전은 합리적 가격의 고품질·친환경 전력 기자재를 안정적으로 조달하고, 업무 전반에서 공정성과 투명성을 높이기 위한 조달 분야 혁신 방안(프로세스 개선, 인프라 고도화, 품질·환경 중시, 공정경쟁·동반성장 선도 등 4개 분야)을 발표했다. 이어진 조달 정책공유회에서는 ▲공정경쟁 활성화 제도 ▲전력 기자재 품질 강화 정책 ▲중소기업 지원사업 ▲우수공급자 선정 제도개선 방향 등 한전의 주요 조달 정책과 제도개선 사항을 공유했다. 김동철 사장은 “오늘의 선언이 한전과 협력사의 청렴 의식을 글로벌 스탠다드 수준으로 끌어올리는 전환점이 되길 기대한다”고 밝히며, “청렴은 기업의 지속가능성과 직결되는 핵심 가치임과 동시에 진정한 동반성장의 근간”이므로, “기자재 조달 과정에서 투명성을 높이고 공정한 계약시스템을 구축하여 실력 있는 중소기업이 당당히 경쟁하는 건강한 전력산업 생태계를 만들어 가겠다”고 강조했다. 앞으로도 한전은 협력사와의 신뢰를 바탕으로 공정하고 청렴한 시장 질서 확산과 지속 가능한 동반성장을 위해 노력해 나갈 계획이다",https://www.siminilbo.co.kr/news/newsview.php?ncode=1160288735585347
[인사] 대구시,2025-06-28 15:16:00,최유정,"1 소비쿠폰, '지역화폐 vs 카드' 어떤 걸로 받을까… 실익 따져 보니 2025. 23 16:05 2 로보티즈, 자율주행로봇 사업 분할… LG전자와 휴머노이드 협업 가속 2025. 23 13:41 3 500조 원전해체 시대 열린다…우진엔텍, 숨은 수혜주 급부상 2025. 23 10:55 4 [코스닥 기관] 파마리서치·레인보우로보틱스 집중 매수…실리콘투 대규모 매 2025. 23 16:12 5 구글·페이팔·알리도 눈독…더즌, 빅테크 결제 파트너로 부상 2025. 24 14:15 6 휴림로봇, 지능형 로봇 전 라인업 내재화…B2B 수요 '쑥쑥' 2025",https://www.pinpointnews.co.kr/news/articleView.html?idxno=355227
[인사] 충북 음성군,2025-06-28 15:16:00,최유정,"1 소비쿠폰, '지역화폐 vs 카드' 어떤 걸로 받을까… 실익 따져 보니 2025. 23 16:05 2 로보티즈, 자율주행로봇 사업 분할… LG전자와 휴머노이드 협업 가속 2025. 23 13:41 3 500조 원전해체 시대 열린다…우진엔텍, 숨은 수혜주 급부상 2025. 23 10:55 4 [코스닥 기관] 파마리서치·레인보우로보틱스 집중 매수…실리콘투 대규모 매 2025. 23 16:12 5 구글·페이팔·알리도 눈독…더즌, 빅테크 결제 파트너로 부상 2025. 24 14:15 6 휴림로봇, 지능형 로봇 전 라인업 내재화…B2B 수요 '쑥쑥' 2025",https://www.pinpointnews.co.kr/news/articleView.html?idxno=355228
관세폭탄·미래차 전환·자금난…車부품사 ‘3중고’,2025-06-28 15:14:00,이찬우,"▲컨베이어를 지나가는 제품을 현대모비스 어쿠스틱 AI 검사기가 판별하고 있다. 국내 자동차 부품업계가 미국발 관세폭탄, 미래차 전환, 만성적 자금난이라는 '3중고'에 직면했다. 급격한 국내외 경영변화에 대응력이 취약한 영세 부품업체는 아예 문을 닫는 사태로 이어지고 있다. 28일 한국자동차산업협동조합의 '자동차부품산업 정책과제' 자료에 따르면, 지난 5월 기준 국내 자동차부품의 대미 수출액은 전년동월 대비 5. 8% 감소한 5억 9000만달러로 집계됐다. 올해 1~5월 누적 수출액도 전년동기보다 2. 8% 줄어든 33억 9000만 달러에 그쳤다. 미국 트럼프 2기 행정부가 출범과 함께 주요 무역거래국을 대상으로 밀어부치고 있는 25% 관세 부과로 한국도 올들어 대미 수출이 감소했고, 특히 완성차 수출이 직격탄을 맞으면서 자동차부품 수요 축소 및 대미수출까지 타격을 받고 있는 것이다. 트럼프 25% 관세에 '존폐 위기'까지이 같은 미국 수출 감소세는 대미 의존도가 높은 국내 부품사들에게 더욱 치명타로 작용하고 있다. 한국무역협회에 따르면, 지난해 한국의 대미 자동차부품 수출액은 82억 2000만 달러(약 12조원)로 전체 자동차 부품 수출액의 36. 5%를 차지하고 있다. 더욱이 국내 자동차 부품사들이 대부분 영세기업이어서 대내외 수급환경 변화에 취약할 수밖에 없다. 자동차산업협동조합에 따르면, 자동차부품기업의 98% 이상이 매출 100억원 미만으로 영세성이 두드러진다. 이들은 상대적으로 낮은 자본력과 불안정한 재무 구조로 인해 관세 부과 및 수출 감소와 같은 외부 충격에 대한 대응력이 현저히 낮다. 현대자동차와 그룹 산하 현대모비스, 현대위아 등은 수출 감소세를 버틸 수 있는 '체력'이 있지만 영세 기업들은 이를 당해낼 수가 없는 현실이다. 실제로 지난 4월엔 경남 김해 소재의 한 자동차 엔진 부품 제조업체는 당좌거래가 정지되는 등 자금난으로 존폐 위기에 몰린 사례가 발생했다. 뿐만 아니라 완성차 업체에 볼트를 납품하는 A기업 관계자는 “당장 미국에 공장을 지을 수 있는 여력도 없고 관세에 대한 여파가 크기 때문에 현금 마련에 집중하고 있다""고 말했다. 국내 부품사들의 문제는 대미관세뿐만이 아니다. 최근 몇 년간 산업 패러다임이 전기차·자율주행차 중심으로 급변하면서 내연기관 부품업체의 40% 이상이 존립 위기에 놓였다. 미래차 대응을 위한 기술 연구개발(R&D), 설비투자, 기술인력 확보가 절실하지만, 중소·중견 부품기업은 자금·정보·인력 모두 부족한 실정이다. 정부가 미래차부품산업특별법 제정 등 제도적 지원을 내놓았지만 예산이 미반영돼 실질적 정책효과에 의문을 제기하는 목소리가 높다. 사정이 이렇다보니 부품업계 현장에서는 “정책은 있지만 실제로 쓸 수 있는 자금은 없다""며 정부 정책에 강한 불신감을 토로하고 있을 정도이다. 영세기업의 만성적인 '자금난'도 여전해이같은 수출물량 감소와 사업 영세성, 정부 지원 지연은 곧장 세번째 고충인 '자금난'으로 이어진다. 매출 100억원이 넘지 못하는 기업들에게 미래차 전환 투자자금은 너무 큰 금액이기 때문이다. 실제로 한국자동차산업협동조합이 국내 주요 부품기업들을 대상으로 실시한 실태조사 결과, 가장 큰 애로사항으로 '자금부담 증가(28. 자금난뿐 아니라 R&D, 생산현장, 경영기획 등 전 분야에서 인력난도 심화되고 있다. 정책자금의 활용이 일부 신용등급 상위 기업에만 집중되고, 대다수 중소·중견기업은 기존 대출 한도, 담보 요구, 만기 연장 거절 등으로 실질적 지원을 받기 어렵다는 목소리가 크다. 자동차부품업계에선 “중소기업의 신규 여신 및 정책자금 이용 장벽의 제도적 개선이 필요하다""는 호소가 나오고 있다. 지난 24일 열린 제42회 자동차모빌리티산업발전포럼에서도 주제발표를 맡은 김영훈 한국자동차산업협동조합 실장은 고율관세, 기술전환, 인력난 등 복합적 도전에 직면해 있는 상황에서 부품업계의 생존과 경쟁력 유지를 위한 정책적 지원의 시급성을 강조했다. 김 실장은 “미래차 전환을 위한 중소·중견 부품기업의 투자 역량과 인력 확보에 한계가 있는 상황에서, 장기 저리 금융, R&D 투자 확대, 고용보조금 신설 등 맞춤형 지원체계 마련이 필요하다""고 강조했다. 이어 “글로벌 공급망 재편과 미국의 보호무역 조치에 대응하기 위해, 현지화 투자 확대와 제도적 인프라 지원이 병행돼야 한다""며 “북미 진출기업에 대한 금융·보증지원 확대, KOTRA 연계 현지 애로 해소 창구 마련 등 대외 리스크 대응체계를 마련해야 한다""고 제안했다. 이찬우 기자 lcw@ekn",https://www.ekn.kr/web/view.php?key=20250628025440631
"우주서 기회 찾는 LG, 누리호 발사 참여… NASA연구진 KAIST 석학교수로...",2025-06-28 15:14:00,정보없음,"viewer ▲ AI 프리즘*맞춤형 경제 브리핑* 편집자 주 : ‘AI PRISM’(Personalized Report & Insight Summarizing Media)은 한국언론진흥재단의 지원을 받아 개발한 ‘인공지능(AI) 기반 맞춤형 뉴스 추천 및 요약 서비스’입니다. 독자 유형별 맞춤 뉴스 6개를 선별해 제공합니다. LG 우주로, 의사들은 대화로 간다 [AI PRISM x D•LOG][주요 이슈 브리핑] 서울경제, AI로 독자 맞춤형 뉴스 시대 연다… ‘AI PRISM’ 시동정보가 독자를 찾아갑니다 …서울경제, 맞춤형 뉴스 ‘AI 프리즘‘ 서비스AI가 찾아준 ‘나를 위한 뉴스’… 독자 맞춤형 뉴스 시대 도래""정비구역 지정도 6개월 앞당긴다"" 역세권 준주거 종상향 본격화…개포 재건축 마지막 퍼즐 ‘경우현’ 정비구역 지정 [AI 프리즘*부동산 투자자 뉴스][자주 묻는 질문 (FAQ)]Q. LG그룹의 우주산업 진출로 어떤 취업 기회가 생기는지요?A. 전자·통신·부품 등 각 계열사에서 우주항공 관련 인력 채용이 늘어날 것으로 예상됩니다. LG는 2032년 달 착륙을 목표로 우주환경에서 다양한 상황을 면밀히 살펴보고 사업 기회를 모색할 예정이라고 밝혔습니다. 전자·통신·부품 분야의 첨단 기술력을 바탕으로 우주항공 분야에서 적극적으로 사업 기회를 발굴할 방침이어서 관련 전공 졸업생들에게 새로운 기회가 열릴 것으로 보입니다. 전문경영인 체제로 전환하는 기업들은 어떤 인재를 선호하는지요?A. 급변하는 경영 환경에 민첩하게 대응할 수 있는 전문성을 갖춘 인재를 선호합니다. DB그룹처럼 글로벌 무역전쟁 격화와 AI 혁명 등에 대응하기 위해 전문경영인 체제로 전환하는 기업들이 늘어나고 있습니다. 이러한 기업들은 각 사업 분야에서 오랫동안 경험을 쌓은 전문가들을 중심으로 경영진을 구성하려는 경향을 보이고 있어 해당 분야 전문 지식과 경험을 갖춘 인재들이 유리할 것으로 예상됩니다. KAIST의 해외 석학 영입이 국내 취업에 어떤 영향을 주는지요?A. 이공계 연구 분야의 취업 기회가 확대될 것으로 예상됩니다. NASA에서 40년 넘게 근무한 최상혁 교수를 비롯해 해외 석학들이 항공우주공학과, 신소재공학과, 전산학부에서 연구를 진행하게 됩니다. 이를 통해 생체 융합 전자, AI 소프트웨어공학, 우주탐사 등 첨단 융합 기술 분야에서 세계적인 연구 경쟁력이 강화되면서 관련 분야 연구직과 산업체 취업 기회가 늘어날 것으로 보입니다. [취준생 핵심 체크포인트]✓ 우주항공 분야 기초 지식 습득: 항공우주공학 관련 온라인 강의 수강하고 우주산업 동향 정기적으로 파악하기✓ 전문 분야 역량 강화: AI, 전자, 통신, 신소재 등 첨단 기술 분야 관련 학습과 프로젝트 경험 쌓기✓ 연구 경험 축적: 대학 연구실 참여나 산학협력 프로젝트 지원으로 실무 연구 경험 쌓기✓ 네트워킹 활동: 관련 분야 학회나 세미나 참석해 현업 전문가들과 교류 기회 만들기[키워드 TOP 5]LG그룹 우주산업, 전문경영인 체제, 해외 석학 영입, 항공우주공학, 첨단 융합 기술, AI PRISM, AI 프리즘 viewer 2025년 6월28일(토) 1면 언박싱 [ON AIR 서울경제]",https://www.sedaily.com/NewsView/2GU8ZONCN5
"하반기 산업기상도 발표…B.T.S. 산업 '맑음', 철강·車·화학 '흐림'",2025-06-28 15:12:00,김민수 기자,"[메타센서] 내 민생지원금은 얼마일까… 건강보험료 기준 분석 [주간 차차차] 국산 대형 SUV 개척… 현대차 '펠리세이드' [특징주] '애플페이 교통카드 뚫렸다'…한국정보통신 등 관련株 급등 넥써쓰, 스테이블코인 발행 공식화… '국내 1호' 노린다 한미약품 '한국판 위고비' 만드나. 비만 신약으로 '퀀텀점프' 주목 [특징주] 남북 대화 재개 기대에 경협주 급등…좋은사람들·한국전력 강세 이스라엘, 이란군 지휘부 와해. 최고사령관 또 정밀타격으로 암살",http://www.seoulwire.com/news/articleView.html?idxno=657995
"거창군, 농식품 수출 신장률 16% 기록",2025-06-28 15:10:00,정보없음,"부산 브니엘예술고 학생 3명 극단적 선택. 한국 최초 상업용 원전, 고리 1호기 해체 승인 임박 속초가볼만한곳 울산바위부터 외옹치항까지 [정하룡 칼럼]'지니어스 법안'은 '화폐개혁2. 0' 국민의힘 포항 남구 도·시의원들, 불빛축제 취소 사태에 ""뿔났다!"" [폴리-한길리서치①] 김민석 총리 임명 '찬성' 54. 장관 인사 '잘한다' 60. 2% 대한항공-아시아나 마일리지 통합, 역차별 금지가 중심 돼야",https://www.polinews.co.kr/news/articleView.html?idxno=699133
"국힘, '배추 투자'만 남은 김민석 청문회... &quot;국정 책임 맡길 자격 없다...",2025-06-28 15:08:00,경기일보(Kyeonggi Daily News),"김민석 국무총리 후보자가 지난 25일 서울 국회에서 열린 인사청문회가 자료 제출 등을 둘러싼 여야 대립으로 파행이 지속되자 후보자석을 잠시 떠나고 있다. 연합뉴스 
   




 
국민의힘이 28일 김민석 국무총리 후보자의 자진 사퇴와 지명 철회를 공식 요구하고 나섰다.
 
함인경 국민의힘 대변인은 이날 논평을 통해 “국민은 귀틀막, 불통의 정부가 아닌 소통 가능한 정부를 원한다”며 “김 후보자에 대한 ‘청문(聽聞)’은 끝나지 않았다”고 지적했다.
 
함 대변인은 “국무총리는 ‘만인지상 일인지하’로 불리는 중책으로 대통령과 함께 국정을 이끌 책임 있는 자리”라며 “도덕성과 정책 능력 모두 철저한 검증이 필요하지만 김 후보자의 청문회는 자료 제출도, 증인 출석도 없는 깜깜이 청문회로 전락했다”고 비판했다.
 
이어 “생활비·유학비 등 의혹이 제기된 자금 흐름에 대한 명쾌한 해명은 없고 국민에게 남은 건 ‘배추 투자’ 뿐”이라며 “국가채무비율, 국가 예산 규모조차 제대로 설명하지 못한 인사가 민생을 챙기겠다는 주장을 국민이 납득할 수 있겠느냐”고 반문했다.
 
함 대변인은 또 “이런 문제 제기에 대통령이 야당 인사에게 ‘털면 안 나올 것 같냐’고 말했다는 보도는 더 큰 충격”이라며 “지지율 50% 운운하며 야당 우려를 묵살하려는 정황도 있었다”고 지적했다.




 
그러면서 “김민석 후보자 스스로도 ‘국민 눈높이에 부족하다’고 인정했다”며 “그렇다면 응당 사퇴로 이어져야 마땅하다. 그러나 그는 버티고 있고 정부는 무책임하게 지명을 철회하지 않고 있다”고 비판했다.
 
국민의힘은 “김 후보자는 총리로서의 자질도 민생을 책임질 자격도 없다”며 “이재명 정부가 도덕성과 실용성을 지키고 싶다면 즉각 지명을 철회해야 한다”고 강조했다.
국민의힘이 28일 김민석 국무총리 후보자의 자진 사퇴와 지명 철회를 공식 요구하고 나섰다.
함인경 국민의힘 대변인은 이날 논평을 통해 “국민은 귀틀막, 불통의 정부가 아닌 소통 가능한 정부를 원한다”며 “김 후보자에 대한 ‘청문(聽聞)’은 끝나지 않았다”고 지적했다.
함 대변인은 “국무총리는 ‘만인지상 일인지하’로 불리는 중책으로 대통령과 함께 국정을 이끌 책임 있는 자리”라며 “도덕성과 정책 능력 모두 철저한 검증이 필요하지만 김 후보자의 청문회는 자료 제출도, 증인 출석도 없는 깜깜이 청문회로 전락했다”고 비판했다.
이어 “생활비·유학비 등 의혹이 제기된 자금 흐름에 대한 명쾌한 해명은 없고 국민에게 남은 건 ‘배추 투자’ 뿐”이라며 “국가채무비율, 국가 예산 규모조차 제대로 설명하지 못한 인사가 민생을 챙기겠다는 주장을 국민이 납득할 수 있겠느냐”고 반문했다.
함 대변인은 또 “이런 문제 제기에 대통령이 야당 인사에게 ‘털면 안 나올 것 같냐’고 말했다는 보도는 더 큰 충격”이라며 “지지율 50% 운운하며 야당 우려를 묵살하려는 정황도 있었다”고 지적했다.
그러면서 “김민석 후보자 스스로도 ‘국민 눈높이에 부족하다’고 인정했다”며 “그렇다면 응당 사퇴로 이어져야 마땅하다. 그러나 그는 버티고 있고 정부는 무책임하게 지명을 철회하지 않고 있다”고 비판했다.
국민의힘은 “김 후보자는 총리로서의 자질도 민생을 책임질 자격도 없다”며 “이재명 정부가 도덕성과 실용성을 지키고 싶다면 즉각 지명을 철회해야 한다”고 강조했다.
등록번호 : 경기 아52209등록일 : 2019년 06월 07일 발행인 : 신항철   편집·인쇄인 : 이순국
사업자등록번호 : 135-81-07633 통신판매업 신고번호 : 2018-수원장안-0133
본사 : 우)16303 경기도 수원시 장안구 경수대로 973번길 6 (송죽동) 경기일보B/D   전화 : 031-250-3333
인천본사 : 우)21556 인천광역시 남동구 미래로 14 일류빌딩 9층   전화 : 032-439-2020
서울본사 : 우)04520 서울특별시 중구 세종대로 124 한국프레스센터 11층   전화 : 02-739-7531~4
세종본사 : 우)30102 세종특별자치시 절재로 172, 1동 503호 (어진동 ,태한프레스센터)   전화 : 044-865-5270
경기일보의 모든 콘텐츠(기사)는 저작권법의 보호를 받고 있어 무단 전재 및 복사, 배포 등은 법적 제재를 받을 수 있습니다.   Copyright © 2025 경기일보. All rights reserved.",https://www.kyeonggi.com/article/20250628580064
"채수지 서울시의원, &quot;학교시설, 일방적 사용중단 안된다&quot;… 조례 본회의...",2025-06-28 15:08:00,신성대,"황철규 서울시의원 “학생 마약검사 도입” 촉구… 학교보건법 개정 건의안 본회의 통과 황철규 서울시의원 “학생 마약검사 도입” 촉구… 학교보건법 개정 건의안 본회의 통과 신성대 기자 남창진 서울시의원 “시장 화재, 로봇이 지킨다”… 전통시장 화재순찰로봇 법적근거 마련 남창진 서울시의원 “시장 화재, 로봇이 지킨다”… 전통시장 화재순찰로봇 법적근거 마련 신성대 기자 성흠제 서울시의원 “시민 발 묶이지 않도록”…비상상황 대비 ‘끊기지 않는 대중교통’ 조례 개정 성흠제 서울시의원 “시민 발 묶이지 않도록”…비상상황 대비 ‘끊기지 않는 대중교통’ 조례 개정 신성대 기자 김영철 서울시의원 “재정비촉진지구 정비, 이제는 속도전”…조례 개정·특별법 개정 촉구 김영철 서울시의원 “재정비촉진지구 정비, 이제는 속도전”…조례 개정·특별법 개정 촉구 신성대 기자 채수지 서울시의원, “학교시설, 일방적 사용중단 안된다”… 조례 본회의 통과 채수지 서울시의원, “학교시설, 일방적 사용중단 안된다”… 조례 본회의 통과 신성대 기자",http://www.fntoday.co.kr/news/articleView.html?idxno=355672
"&quot;집값은 단기 진정, 실수요자엔 역풍&quot;…전문가들이 본 초강력 대출규제",2025-06-28 15:07:00,윤동주,"공급 대책 병행해야 28일부터 주택담보대출 한도가 6억원 미만으로 축소되고 실거주 요건도 강화된다. 강남 3구나 마포구 등 고가 아파트를 노리던 실수요자들 사이에서는 내 집 마련의 사다리마저 사라졌다는 한숨이 터져 나오고 있다. 정부가 전날 발표한 '긴급 가계부채 관리 강화 방안'에 대해 부동산 전문가들은 강남권 등 과열 지역을 겨냥한 고강도 대출 규제라는 점에서 단기적인 시장 진정 효과는 기대할 수 있다고 봤다. 하지만 실수요자, 특히 젊은 층의 내 집 마련을 어렵게 하고 외곽 지역으로의 풍선효과를 유발할 수 있다는 우려도 적지 않았다. 공급 대책 없이 규제 일변도로는 한계가 뚜렷하다는 지적이 나온다. 단기 시장 안정 효과는 기대전문가들은 대체로 이번 대책이 최근 과열 양상을 보인 고가 아파트 시장에 단기적으로는 제동을 걸 수 있을 것으로 평가했다. 박원갑 KB국민은행 수석부동산전문위원은 ""강남권과 한강 벨트(마포·용산·성동·광진) 등 과열 지역을 정조준한 고강도 규제""라며 ""수요 감소로 고가 아파트 밀집 지역은 숨 고르기 국면에 들어갈 것""이라고 말했다. 그는 ""강남 아파트를 현금 부자만 산다는 건 큰 오해""라며 ""실제로는 대출을 많이 끌어다 사는 경우가 많기 때문에 이번 규제가 강남권과 한강변 아파트에 가장 큰 영향을 줄 것""이라고 했다. 함영진 우리은행 부동산 리서치랩 장도 ""주담대 한도 제한과 실거주 요건 강화는 사실상 갭투자 차단 효과가 있다""며 ""한강벨트 과열 분위기에 제동이 걸릴 것""이라고 분석했다. 이창무 한양대 도시공학과 교수 역시 ""실거주 요건을 대폭 강화해 토지거래허가구역 수준의 강한 규제가 됐다""며 단기 위축을 예상했다. ""서민·청년만 더 막막"" 실수요자 부담 가중 지난 1일 서울 도심의 한 시중은행에 게시돼 있는 전세자금 대출 안내 홍보물의 모습. 연합뉴스 AD 원본보기 아이콘 하지만 실수요자, 특히 대출 의존도가 높은 20~30대에게는 이번 대책이 오히려 내 집 마련의 진입 장벽이 된다는 우려가 크다. 이창무 교수는 ""대출 한도를 6억원으로 제한한 조치는 자산이 적은 실수요자에게 타격을 줄 수 있다""며 ""고가 아파트 보유자는 자기 자금으로 매입할 수 있지만 실수요자는 기회 자체가 줄어든다""고 지적했다. 고종완 한국자산관리연구원장은 ""실질적인 공급 확대 방안은 빠진 데다 생애 최초 대출까지 제한해 젊은 층의 내 집 마련이 더 어려워졌다""고 했다. 함영진 랩장도 ""전격적이고 이례적인 규제 발표 방식에 볼멘소리가 나올 수 있다""며 ""디딤돌·버팀목 등 서민층이 주로 이용하는 정책 대출까지 일제히 제한한 것은 과도하다는 비판이 제기될 수 있다""고 했다. 서울 인기지역 수요가 위축되면 중저가 아파트 밀집 지역으로 수요가 이동하는 '풍선효과' 가능성도 제기됐다. 함영진 랩장은 ""6억~8억원대 매물이 몰린 노도강(노원·도봉·강북구), 금관구(금천·관악·구로구) 등 외곽 지역으로의 풍선효과를 주의 깊게 지켜봐야 한다""고 했고 고종완 원장도 ""외곽지역 집값이 들썩일 가능성이 있다""고 내다봤다. 다만 박원갑 위원은 ""서울 외곽이나 수도권 중저가 아파트 밀집 지역은 서울 중심 인기 지역보다는 규제 영향을 덜 받겠지만 대출을 받을 때 '6개월 이상 반드시 거주해야 한다'는 조건이 붙기 때문에 이런 지역이 반사이익을 누리기엔 한계가 있다""며 풍선효과가 크지 않을 수 있다고 진단했다. 전세시장 불안 조짐전세시장에 대한 불안도 함께 커지고 있다. 박원갑 위원은 ""대출 시 6개월 내 전입 의무가 생기면서 내 집 마련을 한 뒤 일단 전입해야 한다""며 ""이로 인해 전·월세 유통 매물이 줄어들 가능성이 있다""고 지적했다. 그는 ""빌라 전세사기 여파로 아파트 전세 수요가 몰리는 가운데 아파트 입주 물량도 줄고 있어 전세 수급 불균형이 심화할 수 있다""며 ""모니터링을 강화해야 한다""고 했다. 함영진 랩장도 ""전세대출 보증비율이 90%에서 80%로 낮아졌고, 기준금리 인하 기대감과 맞물리며 전세가 상승과 월세화가 함께 나타날 수 있다""며 ""임차인의 주거 부담이 커질 수 있어 모니터링이 필요하다""고 강조했다. 지방의 경우 이번 대책 적용 대상에서 제외돼 상대적으로 영향은 적을 전망이다. 박원갑 위원은 ""지방은 이번 규제 대상에서 제외돼 온기가 다시 돌 수 있다""며 DSR 유예나 준공 후 미분양에 대한 세제 혜택, 공기업 이전 추진 등의 요인을 통해 지방 시장이 상대적으로 바닥 다지기 국면에 진입할 것으로 전망했다. 함영진 랩장 또한 ""지방은 규제 적용이 없고 전세 대출 보증 비율 축소도 수도권 중심에서 이뤄졌기 때문에 지방 주택시장에서는 다소 온기가 감지될 수 있다""며 ""수요 왜곡을 막기 위해선 추가 대응이 필요하다""고 지적했다. 정책 실효성에 대한 회의도…공급 대책 필요 27일 서울 남산에서 바라본 서울 시내 아파트 단지 전경. 윤동주 기자 원본보기 아이콘 일각에서는 정부의 반복되는 대출 규제가 실효성을 갖기 어렵다는 회의적인 시각도 나왔다. 손재영 건국대 명예교수는 ""과거 문재인 정부 때도 15억원 초과 주택에 대해 대출을 막았지만 가격은 오히려 올랐다""며 ""이번에도 결국 돈 없는 사람만 잡히고 현금 부자들은 영향을 받지 않는다""고 꼬집었다. 그는 ""이보다 더 강한 규제도 효과가 없다는 걸 이미 경험했다. 결국 현금 있는 사람은 아무렇지 않고, 무주택자만 더 힘들어진다""고 말했다. 이어 ""정부가 규제지역 확대 가능성을 언급했지만 시장 흐름을 바꾸기는 어렵다""며 ""정책이 현실을 따라가지 못하면 실수요자만 고립된다""고 했다. 이은형 대한건설정책연구원 연구위원은 ""이번 조치는 인위적으로 시장을 눌러 단기 거래 위축을 유도하는 고강도 규제로, 기존 주택담보대출비율(LTV) 조정 수준과는 차원이 다르다""며 ""특히 실수요자와 다주택자를 가리지 않고 일률적으로 대출한도를 설정한 것은 과거에 사례를 찾기 어려운 강도""라고 했다. 그러면서 ""당장의 효과는 일부 보이겠지만, 그것만으로는 장기적인 정책효과를 기대하기는 충분치 않다""며 ""물가안정 등 거시경제 흐름이 병행돼야 시장 안정으로 이어질 수 있다""고 했다. 금리 인하 염두에 둔 선제 조치일부 전문가들은 이번 대책을 '금리 인하 전 정지작업'으로 바라보고 있다. 익명을 요구한 한 부동산 전문가는 ""이번 대책은 집값을 끌어내리기보다는 빠르게 불어나는 가계대출을 진정시키는 데 초점이 맞춰져 있다""고 말했다. 그는 ""소비 침체가 심화한 상황에서 정부로선 통화 완화 카드가 필요한데, 가계부채 부담이 크니 대출부터 조인 것으로 보인다""고 했다. 이어 ""공급 여건은 그대로고 금리가 내려가면 기존 매입자들이 급히 처분할 이유도 없기 때문에 수요가 위축돼 거래는 줄 수 있어도 집값이 꺾이긴 어려울 것""이라며 ""지금 같은 규제가 오래가긴 힘들고 가격을 실질적으로 움직이려면 대규모 공급 같은 더 강한 변수가 나와야 한다""고 했다. 한국은행 역시 금리 인하를 검토하고 있지만 가계부채 증가 등을 고려해 속도 조절에 나선 분위기다. 유상대 한국은행 부총재는 지난달 24일 기자간담회에서 ""물가 흐름 점검하면서 가계부채와 외환시장, 금융 안정 상황을 고려한다""며 ""가계부채나 외환시장 금융 안정 상황 때문에 금리 인하 시기와 속도를 조절하고 있다고 여러 번 얘기했는데, 지금 더 강조하고 싶다. 적지 않은 고려 요소""라고 했다. 시장에선 한국은행이 오는 10월 기준금리를 한 차례 인하할 가능성에 무게를 두고 있다. 27일 서울 마포의 한 부동산 공인중개업소 실거래 안내문. 윤동주 기자 원본보기 아이콘 전문가들은 입을 모아 공급 대책이 빠진 점을 이번 대책의 결정적 한계로 꼽았다. 고종완 원장은 ""갭투자·다주택자·외지인 투기 수요는 줄어들겠지만 실수요자 보호와 투자심리 진정에는 한계가 있다""며 ""근본 해법은 아니고 공급 대책을 포함한 추가 대응이 불가피하다""고 했다. 함영진 랩장도 ""지방은 규제 적용 대상이 아니고 일부 온기가 감지되지만, 전·월세 수급 불균형이 심화할 수 있어 실수요자 이동 가능성도 있다""며 ""시장 왜곡을 막기 위해선 규제와 공급을 병행해야 한다""고 했다. 실수요자 대응 전략은박원갑 위원은 ""호가대로 묻지마 매수를 하기보다는 규제 여파로 출회되는 급매물 위주로 선별 접근하는 것이 필요하다""고 조언했다. 또한 ""대출 문턱이 높아진 만큼 주택 계약 전에 반드시 은행 창구를 방문해 대출 가능금액을 확인해야 한다""며 ""선(先) 대출 확인 후(後) 계약이 바람직하다""고 말했다. 특히 1주택자의 갈아타기와 관련해선 ""선매도 후매수 원칙을 지켜야 한다""고 강조했다. 그는 ""비인기 지역에서 인기 지역으로, 또는 비인기 지역 간 갈아타기를 시도할 경우 선매수·후매도 방식은 매우 위험하다""며 ""급하게 매수한 뒤 기존 주택이 팔리지 않아 곤욕을 치를 수 있다""고 경고했다. 최서윤 기자 sychoi@asiae. kr AD 꼭 봐야할 주요뉴스 480원짜리 라면에 3만원짜리 운동화…지갑 열게 하. 마스크영역 ""韓, 조선 뛰어난데 핵공학 인재도 우수""…한국인 더 뽑겠다는 덴마크 원자로 기업[인. [속보] 내란특검 ""尹, 현재 조사실 입실 안 하고 있어…출석거부와 같아"" '일본의 22배' 임금 떼 먹기 쉬운 나라 韓…""지금은 퇴사 후에나 신고, 바뀌려면""[임. ""미국서 태어나도 시민권 못 준다""…트럼프 '출생시민권 금지' 일부 허용한 美대법",https://view.asiae.co.kr/article/2025062810460379677
[패트롤] 과천시-광명시-군포시-안산시-안양시,2025-06-28 15:06:00,강근주,"◆ 과천시, 위례과천선 지정타-신림선 연장 추진 '청신호' ▲과천시 과천지식정보타운 전경. 제공=과천시과천=에너지경제신문 강근주기자 국토교통부 대도시권광역교통위원회(이하 대광위)는 16일과 26일 양일간 간담회를 열고 '위례과천선 과천지식정보타운 연장'과 '과천시 신림선 연장'을 1차 검토 결과 후보사업으로 선정했다. 이번 간담회는 한국교통연구원이 제5차 광역교통시행계획 수립을 위한 1차 검토 결과를 발표하는 자리로 마련됐으며, 경기도-경기연구원-관련 기초자치단체 관계자들이 참석해 수도권 동남부 광역교통망 개선과 환승체계 구축 방안을 논의했다. 과천시는 작년 11월 대광위에 위례과천선 과천지식정보타운(이하 지정타) 연장과 신림선 연장사업을 건의한 바 있으며, 이번 1차 검토 결과에서 두 사업 모두 노선 기준과 범위 기준을 충족해 후보사업으로 선정돼 지역 교통망 확충에 청신호가 켜졌다. 위례과천선 연장과 신림선 연장이 실현될 경우 지정타를 비롯해 과천시 전역의 대중교통 접근성이 크게 개선된다. 특히 서울 강남권, 사당, 서울대입구 등 주요 도심과 연결성이 강화되며, 출퇴근 시간 단축과 교통 혼잡 완화에 기여할 전망이다. ▲과천대로 중심으로 왼쪽은 과천시 지식정보타운, 오른쪽은 과천시 원도심. 제공=과천시과천시 지정타는 현재 5400여 세대가 입주를 마쳤으며, 전체 조성이 완료되면 2만 이상 인구가 상주할 예정이다. 과천시는 이런 인구 증가에 발맞춰 지하철 연계 교통망 구축이 시급하다는 입장이다. 과천시는 주민설명회, 과천시의회 보고, 관계기관 협의 등 관내 공감대 형성을 위한 노력도 병행하고 있으며, 향후 교통사업 실현 가능성을 높이기 위한 행정-정책적 대응을 다각도로 준비 중이다. 신계용 과천시장은 “위례과천선의 지정타 연장과 신림선 연장사업은 과천시민의 실질적인 교통 편익을 높일 핵심 과제""라며 “반드시 제5차 광역교통시행계획에 포함될 수 있도록 관계기관과 긴밀한 협의는 물론 모든 행정력을 집중하겠다""고 말했다. 대광위는 올해 10월까지 지역별 간담회와 종합분석을 거쳐 12월까지 제5차 광역교통시행계획을 확정-고시할 예정이다. 과천시는 계획 확정까지 모든 과정에서 적극 대응해 지속가능한 교통도시 기반 마련에 박차를 가할 계획이다. ◆ 박승원 광명시장 “청년이 선택하고 성장하는 광명 조성"" ▲박승원 광명시장 27일 '청년잡(Job)담' 토크콘서트 주재. 제공=광명시광명=에너지경제신문 강근주기자 박승원 광명시장이 청년이 머무르고 싶고 스스로 미래를 설계할 수 있는 도시를 만드는데 시정 역량을 집중하겠다는 의지를 27일 강조했다. 이날 박승원 시장은 청년동 공유공간에서 열린 '청년잡(Job)담' 토크콘서트에서 청년과 소통에 나며 광명시 청년정책의 방향과 실효성 있는 일자리 전략 추진을 약속하며 이같이 밝혔다. 또한 “청년이 당당하게 사회에 나설 수 있도록 청년 자립을 돕고 가능성을 확장하는 정책 기반을 차근차근 쌓아가고 있다""며 “일자리 그 이상 가치를 담은 정책으로 청년 성장을 지원하겠다""고 약속했다. 특히 청년이 주도적으로 시정에 참여할 수 있도록 마련된 △청년위원회 △청년숙의예산토론회 △청년의날 축제추진단 등 다양한 소통 채널을 소개하며 '청년의 주도적 참여 역시 광명시 청년정책 핵심 축'이라고 설파했다. 청년잡(Job)담 토크콘서트는 '2025년 광명청년인턴 뉴스타트 사업' 종강식으로 열렸으며, 실전 취업 전략 공유와 시장과 함께하는 정책 소통의 장으로 의미를 더했다. 토크콘서트에는 청년들이 희망 직무로 꼽은 공공행정과 마케팅 분야 현직자가 연사로 나서 실질적인 취업 조언을 전했다. 특히 마케팅 강연을 맡은 윤진호 강사는 전 월트디즈니컴퍼니코리아와 CJ ENM의 실무 경험을 바탕으로 업계 트렌드와 직무 준비 전략을 생생히 전달해 큰 호응을 얻었다. ▲광명시 27일 '청년잡(Job)담' 토크콘서트 개최. 제공=광명시프로그램에 참여한 한 청년은 “막연했던 진로 고민에 실질적인 힌트를 얻고, 광명시장님과 직접 이야기 나누며 응원을 받은 기분""이라며 만족감을 드러냈다. 광명청년인턴 뉴스타트 사업은 공공일자리 중에서도 '취업지원형'에 초점을 맞춘 프로그램으로, 8회차에 걸친 집중 취업역량 강화 교육과 전문 직업상담을 병행해 실질적인 경쟁력 향상을 도모하고 있다. 그 결과 작년부터 올해 상반기까지 총 18명 청년이 정규직 또는 관련 직종에 취업하는 성과를 냈다. 인턴 경험을 바탕으로 광명문화원, 청년동, 자영업지원센터 등 광명시 산하기관에 정식 채용된 사례도 이어지고 있다. 광명시는 △새내기청년 일자리사업 △광명청년인턴 뉴스타트 사업 △청년아르바이트 사업 등 다양한 공공일자리 정책을 통해 청년에게 현장 경험과 진로 탐색 기회를 제공하고 있으며, 현재 94명 청년이 광명시청과 산하기관, 문화-복지시설 등에서 근무 중이다. 한편 청년동과 제2청년동 '청춘곳간'도 경제 자립과 커뮤니티 형성을 위한 청년 특화 공간으로 자리매김하고 있다. ◆ 군포시, 평생교육이용권 신청 접수…251명 지원 ▲군포시 2025년 제2차 평생교육이용권 신청 접수 포스터. 제공=군포시군포=에너지경제신문 강근주기자 군포시는 지난 4월 1차 모집을 통해 저소득층과 장애인 266명을 선정, 지원한 데 이어 이달 26일부터 내달 10일까지 2025년 제2차 평생교육이용권 신청을 접수한다. 평생교육이용권은 19세 이상 군포시민 누구나 신청 가능하며, 연간 35만원의 평생교육 강좌 수강료 및 해당 강좌 수강에 필요한 교재비를 지원하는 제도다. 2차 모집인원은 총 251명으로 세부적으로는 △청년(19~39세) 142명 △디지털 이용권(30세 이상) 45명 △노인(65세 이상) 36명 △1차 모집 추가 인원 28명이다. 이용자 선정은 기초생활수급자, 차상위계층을 우선 선발한 후 잔여 인원은 소득 수준과 관계없이 무작위 추첨으로 선발한다. 신청은 경기도 평생교육이용권 누리집에서 해야 하며 선정 결과는 내달 말 신청할 때 작성한 연락처로 개별 통지한다. 누리집에서도 확인 가능하다. 평생교육이용권은 NH농협채움카드(체크,신용)에 포인트로 충전되며, 평생교육이용권 사용기관으로 등록된 곳에서 올해 말까지 전액 사용해야 한다. 하은호 군포시장은 28일 “청년, 노인이 평생교육이용권으로 경제적 여건 등에 구애받지 않고 원하는 학습을 누릴 수 있기를 바란다""고 말했다. ◆ 안산시, 본오2동 도시재생… 지하주차장+어린이공원 준공 ▲이민근 안산시장 27일 본오2동 '놀애별어린이공원 리뉴얼 및 지하주차장 건립' 준공식 주재. 제공=안산시안산=에너지경제신문 강근주기자 안산시는 27일 본오2동 도시재생 뉴딜사업 일환으로 추진된 '놀애별어린이공원 리뉴얼 및 지하주차장 건립공사' 준공식을 개최했다. 이날 행사에는 이민근 안산시장을 비롯해 박태순 안산시의회 의장, 박승희 도시재생주민협의체 회장, 김희영 본오2동통장협의회장, 어린이, 학부모, 주민 등 50여명이 참석해 본오2동 도시재생 성과를 축하하고 공유하는 시간을 가졌다. 놀애별어린이공원은 총 52억원 사업비를 투입해 1529. 6㎡ 규모로 조성되고 지하 1층에는 총 44면 지하주차장이 조성됐다. 지상과 지하를 복합적으로 활용한 본 시설은 무단차 진입구, 경사로, 엘리베이터 등 설비를 들여 접근성을 개선하고자 했다. 아울러 △어린이 놀이시설 3종 △주민 건강을 위한 운동시설 3종 △파고라 등 휴게시설 △지상 CCTV 6대를 설치해 사전 범죄예방에도 힘썼다. 안산시는 '장애물 없는 생활환경(BF) 인증' 기준을 반영해 무장애 설계를 적용하고, 범죄예방 환경디자인(CPTED)을 도입해 안전하고 쾌적한 공원으로 재조성했다. 이민근 안산시장은 준공식에서 “노후화된 어린이공원을 새롭게 단장하고, 지하주차장을 조성해 부족한 주차 공간을 확보함으로써 주민에게 더욱 쾌적한 환경을 제공할 수 있게 됐다""며 “앞으로 놀애별어린이공원이 일상 속 활력을 더하는 시민 쉼터이자, 본오2동 도시재생 대표 거점이 되길 바란다""고 말했다. 한편 안산시는 지난 2019년 국토교통부 도시재생 뉴딜사업 대상지로 본오2동 796-4번지 일원(총면적 9만4000㎡)이 선정돼, 올해까지 총사업비 286억원을 들여 △공공복합청사 건립 △공원 리뉴얼 및 지하 주차장 조성 등을 추진 중이다. ◆ 안산 대부북동, 경기더드림재생 선정…도비 2. 36억 획득 ▲안산시 대부북동 '경기 더드림 재생사업' 선정 위치도. 제공=안산시안산=에너지경제신문 강근주기자 안산시는 '2025년 경기 더드림 재생사업' 공모에서 대부북동이 '지속운영단계' 대상지로 최종 선정됐다고 28일 밝혔다. 기존 거점시설인 옥상 유휴공간을 활용한 '주민 참여형 햇빛발전소 계획' 실행력과 지속가능성을 인정받아 안산시는 앞으로 2년간 대부북동 상동 일원에 총 5억원(도비 2. 28억) 사업비를 추가로 투입할 수 있게 됐다. 주민 참여형 햇빛발전소 사업은 마을관리협동조합 주도로 햇빛발전소를 설치-운영하는 사업이며 발생된 수익은 마을 공익사업 실현에 쓰이는 지속가능한 재생사업 모델이다. 이번 사업을 통해 안산시는 △에너지 자립 △수익 창출 △탄소중립 실현 등 3가지 목표를 동시에 달성할 수 있을 것으로 전망했다. 특히 이번 경기 더드림 재생사업 선정을 통해 그동안 구축된 인프라를 '주민이 직접 운영하는 수익 모델'로 발전시킴으로써 지속가능하게 만든다는 계획이다. 이민근 안산시장은 “이번 공모 선정은 대부북동 주민의 적극적인 참여와 협력이 있었기에 가능했다""며 “에너지 자립과 공동체 회복을 아우르는 성공적인 주민 주도 도시재생 모델이 실현되도록 최선을 다해 노력하겠다""고 말했다. 한편 대부북동은 지난 2019년 국토부 도시재생 뉴딜사업으로 선정된 이후 △상동 어울림센터 △상랑나눔공원 △상동 이야기관 △안심거리 조성 등을 통해 생활 SOC 기반을 확충해 왔다. ◆ 안양시, 안양청년1번가 7월1일부터 운영 개시 ▲안양시 26일 안양청년1번가 개소식 개최. 제공=안양시안양=에너지경제신문 강근주기자 안양시가 창업, 소통, 문화활동을 지원하는 청년 전용 복합문화공간 '안양청년1번가'를 내달 1일부터 본격 운영한다. 안양청년1번가는 지하 1층, 지상 3층 연면적 756㎡ 규모에 댄스실-소통계단-다목적공간-모임실-공유주방-야외테라스 등 다양한 시설을 갖췄다. ▲최대호 안양시장 26일 안양청년1번가 개소식 주재. 제공=안양시본격적인 운영은 내달 1일부터 시작되며, 안양에 거주하는 19세부터 39세까지 청년은 안양청년1번가를 무료로 이용할 수 있다. 운영시간은 평일 오전 10시부터 오후 9시까지이며, 토요일은 오전 10시부터 오후 4시까지이며, 일요일 및 공휴일은 휴관이다. ▲안양시 26일 안양청년1번가 개소식 개최. 제공=안양시안양청년1번가 건립에는 도비 18억6000만원, 시비 28억6511만원 등 총사업비 47억원이 투입됐으며 2023년 7월부터 2025년 3월까지 공사가 진행됐다. 지난 26일 열린 개소식은 지역 청년, 유관기관 관계자 등 100여명이 참석한 가운데 진행됐다. '이병현 밴드'의 식전 공연을 시작으로 조성 경과 및 주요 사업계획 보고, 개회사 및 축사, 제막 및 테이프 커팅, 시설 라운딩 등이 진행됐다. ▲안양시 26일 안양청년1번가 개소식 개최. 제공=안양시이어 '안양청년! 청년공간을 만나다'를 주제로 소통 시간도 가졌다. 아울러 △개관 축하 일일 특강(나만의 꽃바구니 만들기) △3분 캐리커쳐 △반려돌 만들기 등 청년 참여 프로그램을 진행했다. 개소식에서 한 청년은 “그동안 청년이 자유롭게 모여 활동할 수 있는 공간이 부족했는데, 이제 우리만의 공간이 생겨 정말 기쁘다""며 “창업 준비를 하고 있는데 공유주방과 모임실을 활용해 동료들과 아이디어를 나누고 싶다""고 말했다. ▲안양시 26일 안양청년1번가 개소식 개최. 제공=안양시최대호 안양시장은 개회사를 통해 “안양청년1번가가 청년의 무한한 가능성을 열어주는 청년 거점 공간으로 자리 잡을 수 있도록 다양한 프로그램과 지원사업을 지속 추진할 것""이라며 “청년이 꿈과 열정을 마음껏 펼칠 수 있길 기대한다""고 말했다. 한편 안양청년1번가는 청년 네트워킹 프로그램, 문화-예술 활동 지원 등 다양한 청년 맞춤형 서비스를 제공할 예정이다. 세부 사항은 안양청년광장(anyang. kr/youth)에서 살펴볼 수 있다. 강근주 기자 kkjoo0912@ekn",https://www.ekn.kr/web/view.php?key=20250628027501254
&quot;항생제 스튜어드십 선도&quot;…병원약사회 1400여명 학술대회 집결,2025-06-28 15:06:00,김이슬,"""항생제 스튜어드십 선도""…병원약사회 1400여명 학술대회 집결
28일 한국병원약사회 춘계학술대회 개회식
2025-06-28 14:32:48


 
								김이슬 기자 yi_seul0717@kpanews.co.kr
※‘당신의 제보가 뉴스가 됩니다’ 약사공론은 여러분의 소중한 제보를 기다립니다.
[카카오톡] 약사공론을 검색해 채널 추가
[전화] 02-581-1301
[온라인제보] https://www.kpanews.co.kr/about/newsreport.asp
[카드뉴스] ""복용 후 최소 30분 공복 유지하세요""
""마약퇴치, 국민과 함께…안전한 사회 위한 한걸음""
[1분 건강] ""동남아 여행 후 찾아온 의문의 고열…혹시 이것?""
김성일 약사 ""약국은 건강을 파는 공간, 약사 철학이 중심""
금병미 대구지부장, ""소통과 현장중심 회무로 현안 해결""
""내달부터 신규 SGR적용 논의…수가 순위 원칙 지킬 것""
""법률복지가로 약사의 새 영역을 개척합니다""
“비아트리스코리아 '디지털 혁신'과 '환자 중심' 전략 강화""
POP 하나에도 진심을…'신뢰받는 약국' 만든 디테일의 힘
""약대생 OTC 기준 정립, 학교 교육 필요해""
30년간 미국에서 꽃피운 약사…조제실 벗어나 환자 곁으로
""정책가산-수가 연계여부 원칙세워 내년협상부터 적용""
""반려동물 의약품 시장의 새로운 비전…동물약국 활성화""
경북약사회관 완공 ""새 약사회관 새출발""
제75회 약사국시 ""곧 약사로 만납시다""
제75회 약사국가고시 ""선배님 응원합니다""
아시아 약사들의 축제 'FAPA' 폐막…전통미 선보인 한국 약사들
""Welcome to 2024 FAPA Seoul!""
최광훈 회장 대만 FAPA 총회 및 학술대회서 2024서울 총회 독려
제29회 FAPA 총회 및 학술대회 대만 타이페이에서 개최
약사공론 청년기자단, 열한 번째 닻 올렸다
서울 서초구 효령로 194 대한약사회관 3층
Tel:02-581-1301~3
Fax:0504-084-3330
webmaster@kpanews.co.kr
청소년보호책임자 : 배성준
신문사업 등록번호 : 서울 다07119
등록일자 : 2005.05.25
발행·편집인: 권영희
발행일 : 1968.7.17
제호 : 약사공론
인터넷신문 등록번호 : 서울 아52820
등록일자 :2020.01.22
약사공론에 게재된 콘텐츠의 무단 전재/복사/배포 행위는 저작권법에 저촉되며 위반 시 법적 제재를 받을 수 있습니다.
Copyright kpanews Corp. All rights reserved.",https://www.kpanews.co.kr/article/show.asp?idx=260808&category=A
